UserID,Email,Password,Handle
1,dshimwall0@craigslist.org,$2a$04$vB8mggC.oWo566agfVzzTutDl1vjBO7hpxGRWzOUxFuMW0EpNk./2,apattenden0
2,mluke1@bluehost.com,$2a$04$hJMluJGN8IGXMpGMOWixyuw6oh6nDIG4s91h9.tQ1QByHOi4SdMJq,jaldersey1
3,sparsisson2@google.de,$2a$04$AHmApgyW6bHpp0he1.oJD.H0Kx66w4cEzByhPqKkXHmwcgEjd3ZB2,bgoodban2
4,rsamuel3@netlog.com,$2a$04$t7BDw02JvPNUR1/2t79ZyeVR5aRSI.o/bMJcsvCTRw71x6V/N1Qie,gphillips3
5,fshwalbe4@bbc.co.uk,$2a$04$f2bDizCT9ASG10Cgv/vUuOFKHuSINmsT4NBvGcvIZCL43Oxmk/Uu6,echance4
6,wmckeaveney5@google.de,$2a$04$MCAyzWZqbdHAfiPrSdlE5eoYHizCZj98scMfUZmqfhWfjhrG.RFeW,bconigsby5
7,kdowtry6@reddit.com,$2a$04$2r6CpiNKNtwxdxB5v/xeOOrK11C6Ni6Q7xQiNZ5TyqQ3xq.9QSb0S,rkeuntje6
8,jaggas7@about.me,$2a$04$vlAQ.y6k220uloSfLx9Yd.xBMrBgcGvXVqT.A27a0Pp09If8NqQOO,rbelhome7
9,lscripture8@sphinn.com,$2a$04$wtZDW/S8COjP7Na1pKbGLOrpYJ.SHZfdePp2JhZcLFmEbTd/TxBN2,jperring8
10,eaxtell9@newyorker.com,$2a$04$84/UnvhpErUl1tF7ZsGDR.AnWrXeq7Elwx06/tgIqd3cTRmv9J4gW,ccopcote9
11,rroucha@nasa.gov,$2a$04$OsvwxYZsc0toTv6DZXkNoOGaJRYsNM6QBDmgt.TCZTH4kVJ6vaWIa,llaviesa
12,skeetingb@360.cn,$2a$04$IEr9Wqlab17ZV5xiZBFYdOuFsQ4ia.SQHtatWIWNnxCtxD00v1Tn2,pmcrinnb
13,hstablesc@linkedin.com,$2a$04$kzvjw.Ny5FJuC8gYP01T1.F25pFgijy0.fD4SlzTtU9XpNTVWwEJa,msiegertszc
14,erayburnd@themeforest.net,$2a$04$7AljkbP5aLFwMJyeED3NvuHUaxo9OIoyrsOw45puHe0jZB.XfHbVq,ymottinellid
15,hdiglee@netlog.com,$2a$04$Hyy8mq5QWHpftblrMG8MleeHd4.JzwhPfeyJp8yrqE.afaMrIkjvO,grackstrawe
16,kcutteridgef@wufoo.com,$2a$04$OXKwjUkwZt8mPl3YPWg8vOVl793t94X3cqHAeMvOBy/XfxTWEA.F.,rcissonf
17,ethebesg@51.la,$2a$04$v9/hs1TikQDsvTN4n4XKbeQE7hP5PTrw/onnVES46OpSs5KfmB53C,ppancostg
18,cputtanh@livejournal.com,$2a$04$jSvNxTPE2wjYUg7QLZp51.bYEnazCVh8UlGEUC2cCwzqSweRARE9e,hscorrerh
19,ncorrei@chronoengine.com,$2a$04$PJ.84/PbAS53Phdeu.ItNu82IlF7J3cDDqi2wO0I8c0Fz1pvaO38y,oblayneyi
20,eworsnipj@newsvine.com,$2a$04$CkjODs9rWYtwpyHwMDai2eJPxn44K8a//kQmZ8jG8/aBB9JbdJuYa,minderj
21,frussenk@nih.gov,$2a$04$XBng/tnU/4W/ND.ZtLTiWeCj45jCw86J6K5cxI61e2Bj4yh.MVU/.,lbrydonek
22,rflanaganl@eepurl.com,$2a$04$S4MrSvNGAiETa48h5i8IZe0D/.WwfWZLW3CObV5ib8faz8KUpUHVS,vpoynserl
23,scattlowm@wordpress.org,$2a$04$OuahZ0sObW5G47WZOq17VOS20bkYMceLguPXDOs99NMzZ4XosqLY6,dsalewaym
24,emapplesn@goodreads.com,$2a$04$0yjHwqY4lzK8MxSaVD2nWeW3EPwg8KpyLrJ24NqhpeBNRjjNVWr.K,blowndesbroughn
25,vboultono@hibu.com,$2a$04$z1y5toLVHxzHbvzYVk4qWuUeFCU095WjXFPti09T5YZKOKaZ/TUCq,klaugherano
26,clelandp@thetimes.co.uk,$2a$04$3SO7Oy1mkWcAkKNGFg/UR.TPw6M0hxklp3btA/yB5yvLfHzXFRuim,enaiseyp
27,sfayersq@fotki.com,$2a$04$VCEdO/z1b3baehtcq29fM..I5S/sUw9iwIXitbCMrlEFxi/yGf6OW,baspq
28,wcosstickr@state.gov,$2a$04$sYJEzTUnxXoi0bWc8tBVu.H/NcuTuPs0Wj8zOLoGvWsqFBWvrdC36,rmargueriter
29,nimmss@barnesandnoble.com,$2a$04$bQYojJWy7K6nYMErmvqCN.O.0U9K2PatSsfFrASDIlV7s8OPnNsOi,ugiffons
30,rbreckint@wikimedia.org,$2a$04$.XjcNsg3Vq0yrC1HXHD0muFNLN7LETTQCFjm.RCyGy6aT8WMoj5.K,momonahant
31,olillgardu@trellian.com,$2a$04$l/NZEhV3IX3dyV9CsatEl.Zl9y0M6ii0Wi9m4Ba254BTWb5wWM352,lclarau
32,dcrannav@com.com,$2a$04$Umml.ZXdkeEheeOzs7YGeOEV/XnockZHsFYFRVMDg3J8A1FLRF3V2,pduplockv
33,bgaffeyw@dmoz.org,$2a$04$W2fS67.uPJJksoiRv7.a/.5M7pxlxujABbf/HbX3FnA8e8HT9sP9y,cdavidovitchw
34,ydigiorgiox@spiegel.de,$2a$04$6zF9PmEwtg/cV442.dx0ZOOOgOOX9lKJY8S489tVrXSMpZ6I.bPIa,tgoodanewx
35,nummfreyy@oaic.gov.au,$2a$04$YKnXETnrqRLgXnZ/IXuqnupKLpXzzMMYVCCfS2BruuDfYxMTciVD2,henriettoy
36,mpoutonz@scientificamerican.com,$2a$04$eiq8pt1xIwQPofiGKvqNruH7VaCR5h3NDTXwoBwNU1G.w/qEDQMN2,rkestellz
37,tmathelin10@wiley.com,$2a$04$x.PYJ47k2ZeyXA6ePagdR.g2xFIjCKip59YBKsEgTP6ag1S8bJapG,cpree10
38,cdursley11@woothemes.com,$2a$04$ypPPqFZkRxPj3bEfCawaqenZy8s6NZR6vr5hk4p2PBFAp8lveOJe6,dhurche11
39,mtwallin12@usnews.com,$2a$04$/Gg41Ra03N0QdudJck9HBupkI.rHmkSOb9WIbKBedxQ1ylhifpeDK,aragg12
40,elampl13@harvard.edu,$2a$04$Gt9MZaUh/J1fQnhULXErBOnuz0scliqH8dC575hgdE/4rwivdZseq,ncolby13
41,lguard14@smh.com.au,$2a$04$VJDtFXtKz6kcvA1LTFIe0ef5vzaK4LBcarVei7kANPWxxrT1RO3oe,aewbach14
42,fdutt15@tuttocitta.it,$2a$04$y3qQj3/yzw1M5yz1ZCz4RumrnA/eaOOzzaDyLCAJrgcKnXn.FIqz.,acullimore15
43,arowden16@printfriendly.com,$2a$04$oqEbwsRZL5LqXOM/bwXX0OIAaxANIq8l06.Rf/CrbH.i3wr0x5KRK,agayden16
44,agraeser17@shop-pro.jp,$2a$04$hLUTGcagyDEBtrtEh8z2durQy4uilwlH8Z5TceoF8Z08UufVzszEm,cbittlestone17
45,craft18@slate.com,$2a$04$u8uFKtrt0kNgGZKXmAI3Mevp8OrfRawBJ9B3sxvaqJUXQEAPgZUQu,gnicholl18
46,cbeccles19@cmu.edu,$2a$04$CViWl9Z6pvZ6DfCbM73keO.VnPe3W6NUgpTzqCEWIdsA4822tLnFq,avaszoly19
47,humpleby1a@uol.com.br,$2a$04$jA8PTMJU4veaq7ttoGemZeASu3VuYbHz/Ikg.UioDl.aUxbWy4loK,tjunkin1a
48,sguerrin1b@disqus.com,$2a$04$jpM1ODGBt0rR7/8vrOEH3ufhWaAqWyCmuARk5GgjQtBaGDrDv/GMu,stolman1b
49,bpankettman1c@mysql.com,$2a$04$82qdH8dY94x1vuKwcZcBtOydW556w7g0bjA.L9CXCUQB3TorQNcwe,oshoard1c
50,fgawkes1d@google.fr,$2a$04$6.hepgB2eqInGNnrHoiHfev5TsSBuvZbr5JVq81pGAJFw.1A5lbL.,hsimoneschi1d
51,evise1e@sun.com,$2a$04$/tIJRDh8TERku//z2Z4j2.bQBkXzI7mGAQcQPWfjaoB5Wk9cMm7jO,crelf1e
52,cgarrie1f@dropbox.com,$2a$04$9sC9W9EI5I7MM.BhyoTEO.AT6dGHi5Ox9q9188ryyUhFUdVlMciv2,jsenten1f
53,fjancey1g@skyrock.com,$2a$04$30uK2lxA5.9npGquJhKR9uL1B70j1fkHdwAUHfr.CsWyqqo/.az3C,arestieaux1g
54,mduer1h@icio.us,$2a$04$4759XvTeDEivmxV4eIm7c.dHyKrI72vw3tIemJoF7Z77g9MelSUpq,fdurtnall1h
55,sbryan1i@altervista.org,$2a$04$8meL7/4inTApK00NQL7NsuunTQOXY38TuSh.eNXxrM5/jegL2ldg2,pswaddle1i
56,flahrs1j@ed.gov,$2a$04$4ney3uzEMTNDVg8w4YqOzuMkU17xu9CpO2DwhFiPSusMUK52kDpaG,fmatei1j
57,mellings1k@i2i.jp,$2a$04$AgLDoXXV0h4iKhd/.Hrx7u1LiTLeZsZA52PmQ.veulYRN5/ozs4OK,pgarlette1k
58,deamer1l@deviantart.com,$2a$04$NimSCkJ1RRF5shTAP68UzOAhjIx0n2kmTd9N4CBbCiyVQ3RbdtJIe,cginglell1l
59,asquibe1m@opera.com,$2a$04$JeR0dZ1pNLa1fn.1pxSDOOzzdsJMdvStywyVPh1tqwcXHr2JPRPMW,kgiraux1m
60,wschettini1n@gmpg.org,$2a$04$X7Rm2Wm6rFgiPJh2KvVdOOkv2lt/q2F7ve2gXd72oTEKEaBDY2k7.,ttowns1n
61,aadcocks1o@microsoft.com,$2a$04$alORsAfCTyu1fb3i/U9Py.mVDCuCu/n2VmhVtdOdGC9kiUBMYJ4I6,aplet1o
62,ericart1p@marketwatch.com,$2a$04$RRw0aBIhhtXi.H2bvn17C.wWuNNgpPPsfZxF9GmUkN7ZMCSNW2Ile,bsemeniuk1p
63,grotherforth1q@dropbox.com,$2a$04$jhkxgXOO16JGAkaV0B0TA.9fy3oNdygpB1mM4jdl0vtNBWi6ZmbxG,sguwer1q
64,hmcbrearty1r@a8.net,$2a$04$qDUWfHWWS.aNdGwQ/LDK.evIQkEvqcl4uNk17l0aiIEkBM54FMcZi,sstritton1r
65,omcmillian1s@ask.com,$2a$04$n6.GG0hZ9YIC0rTxdNVabejnwrfBW.G3hnPFzMhOyEMfGHoooaY/m,kdebiasio1s
66,neltone1t@ftc.gov,$2a$04$KAQgGE9i/ylWKHQjLr.hmu5oOzT8yE1aCml6N3yLJ3Gv3TGbyU3DC,ocharrett1t
67,ddigwood1u@hexun.com,$2a$04$3iuey7iA8i8hAPrBXXpLguBKxGRDwNeTSEQAyr01Aa7PhbJR/yzcq,bbernhardsson1u
68,slangdridge1v@theatlantic.com,$2a$04$pecL6wgiGMg74UYaf8IREex2ehdx29YGaCvRoTcDxZxeDvhdhBxm2,gstorre1v
69,bpullan1w@gov.uk,$2a$04$ZH7DpyMb4D3DklN/Q3ZPfOxQWmqil.GvhOIpGxNvdrPu/ArzQKWDa,rpalliser1w
70,jyegorkin1x@whitehouse.gov,$2a$04$Mf5klNqeEf.6AvabokCoF.EU7tE4IBZbMt3JIZtC2j89BqYuy8pJO,lwarland1x
71,ccorkel1y@ftc.gov,$2a$04$K7cw6JEQVsLGSTrMoaUMqOlffTXV3YdTWIy7eVba6IZ6TcNZjvRSq,ccuphus1y
72,dtickle1z@xinhuanet.com,$2a$04$eyIaxgi9/QHUWakfjD4uSOdGMuosaLUnDhEVhP/J35gybU4yqOfFm,gcheyne1z
73,blackner20@icq.com,$2a$04$SDoiukVn1AkwIKJA63ROqescKWtmd9bRjWT168f7CiN/zafA2Rg/y,yravenshaw20
74,mpotticary21@sbwire.com,$2a$04$99Aq5AYBBQylETAS8XZdr.165pDgmQPJf13nt0dBHkR1X/yA7Wxb2,wdutton21
75,bvonbrook22@home.pl,$2a$04$8w/B4qG5f7rOU0Wu7SRx5OBDDGhO18BcpTcBj6E57TaQP0CgOPvB.,kmuttitt22
76,dmoorton23@illinois.edu,$2a$04$.xxe.VqTgWzxDOiEZl1t8.AvdKUI4XfTDEoAyYx77Kwd3DYccNbum,hjoney23
77,tpalle24@liveinternet.ru,$2a$04$keDNSah79oZ/ibbomx1FpeliUGB8yC1tojAQ0KuQ5wC0F7JPqHjfK,lsirman24
78,hsymcoxe25@slate.com,$2a$04$iDdWUPElS9g1exrBuy6hAuzJGjrmXkqED0.WS8BDV/zt4bG4yO3lW,mbarks25
79,lpepperell26@wikimedia.org,$2a$04$58feYDaH2efhO/dKJ6wFWu1FPCr4HNawUqgDVZD5Pnj4cDBfj60au,jgillinghams26
80,achessil27@usnews.com,$2a$04$JAR3e91YhzESsuzkM4VLAusshUqND.iSyKUGMltewH6G.etmb7lHe,emcmurty27
81,sghelarducci28@bloglovin.com,$2a$04$eVLQytREIxjouuLPbgUWKOguNiIPnP1glVLxf3geihhLm29peNKgW,mkilner28
82,ecrewther29@51.la,$2a$04$2/TrZhk5uW6epcbi9BZamee2hXX6YnQ8d4xP9lfa8bBBG4YdP79hO,vgallelli29
83,rmisselbrook2a@shareasale.com,$2a$04$bE8qiNy0e3/Zaj9ce7Wwj..RTKPZMj9kHocXUayRIJ7mZjxvCj5NK,dboother2a
84,dmacredmond2b@deviantart.com,$2a$04$RxdiA8zpnkVeSSiOKzsY9.8NmmxtP47xIYZDCFHzJKvjrmc1kocEi,abecket2b
85,rtomasz2c@phoca.cz,$2a$04$YW5wFomfTQk2WvnJh0tBYe9JpZ1rJB1iKMfk1udvcYr6i70sLBG86,fohartnett2c
86,febhardt2d@is.gd,$2a$04$Z8BrgVOvddCqhULvLaLROedFyGxrAfrF9MO4.obCcjjJFXKzrNy26,tpfeiffer2d
87,adroogan2e@ameblo.jp,$2a$04$JHsG/kF6b3DXb24u6OqtZuQTOynY57qFgjzVK6VS77TWlyjx6Vde6,spullen2e
88,syeo2f@arizona.edu,$2a$04$ooVixE4ZYSU1dVR7dFNqlO6YO7kb8GR4r9AJggriZgfQ7T6SnmzWe,imacterrelly2f
89,vace2g@prweb.com,$2a$04$.bBMN2yVQ3ZdBahKqeMzye5bfh5vuefZYwnosUDqPrqMEQfBFy47.,gseden2g
90,lcarnalan2h@jigsy.com,$2a$04$MX9.JVkDeY9hyKpqVuNkV.hfKKHlzYOEluR19nw7vXQGmlXU6qbue,mcavozzi2h
91,dtetley2i@webeden.co.uk,$2a$04$lZE55oja8q9kz1313NWSge2DYMvEvAc0B0Y8h3OnbiDImbMPGHAWa,dlintin2i
92,cmercik2j@timesonline.co.uk,$2a$04$KrNQ3CZaULNblOq0y3pTyOVlsoi4tGoXyIAUTio2.wJFK0cchBZXm,anormanvell2j
93,kdoget2k@telegraph.co.uk,$2a$04$GUvC391PhrEjm/E1me/O/.UyGvvgIdxrTY75AMtHT8tJeh.CDj2ym,whowell2k
94,lhassen2l@booking.com,$2a$04$9rg4w9us9UyKALu6iSAJeu2qmLQr64lIsf19QPVvNdWF2TkSGZDk6,czelley2l
95,khadeke2m@oakley.com,$2a$04$sr1D8qccrO.Rj21xDTMJ5uktc4CyUQv0vo82/ecnr7LAydDSdN92e,smcchruiter2m
96,aroome2n@cloudflare.com,$2a$04$vvvd/IJ5tIDOxvvwONcI5eQUfv.HT3pcT1VM8LzwgVaKbkFVhb2nW,tclilverd2n
97,nrosenschein2o@lycos.com,$2a$04$H6WiYZDg4ne6jygxLbYS6eYVX8yo93SaUM6Lgsg0Ekxzvyl.caoJa,stomaino2o
98,bseville2p@hhs.gov,$2a$04$gO.EUIF2xMNvrDexfALUiuTpN8h598Em7.Ys1pPA5/5LsrZ7DzrFy,mduthie2p
99,zroskam2q@china.com.cn,$2a$04$Kzv8RxKaPMipTWVmyLA3ceDP1RjfWqG3EehOIKA.DqvdYP5jt2sI.,lhacquard2q
100,cmaccorley2r@scientificamerican.com,$2a$04$z4bUSsdBjYMqVycbfaO9NOsLpw76zk9j3w0YupjC9TfXp1jcu16Ge,bfihelly2r
101,tbardnam2s@ox.ac.uk,$2a$04$FQtffLaSR5MkfSGFP1YIeu6DFga2xgkBMUhBMigAQaxgb7GGl/v2K,cpraundl2s
102,dhodge2t@walmart.com,$2a$04$mEb0Je9/URj0vTImvazji.5f41xpA5Ll1ZTs6IjWJww/ABi3Nc8.e,vmichurin2t
103,lpetrosian2u@nps.gov,$2a$04$4I0erZfjkcIgakIPyn2vgO6sMfkamxK192.o8zo3r76PvVXObLl4C,jfurlow2u
104,nanthonsen2v@house.gov,$2a$04$LX/n3r58FApDaFfd20uuKOZb7CxYrzaLyc47DrBCti5McRnHpdtg2,crylatt2v
105,hjedrasik2w@nsw.gov.au,$2a$04$zOCXombM3EIDt9sMHzDMtODw8rvodcqP2gHVERs.RAKCZwJ1srVPK,fgoodlud2w
106,tbrinkler2x@mac.com,$2a$04$uJmU1iBCF0Op0As540FJL.aFq.xhngZdWZ/tYFghgsr7UCS8mVNum,saxelbey2x
107,tgamlyn2y@upenn.edu,$2a$04$exVpNu3XXiRbLlFsil7SPOpZ9U45Hi7fA4guZfM0cDunKcjrSOlFG,dphibb2y
108,rpaoletti2z@java.com,$2a$04$kPjWMGoQNpIwiPdtvQJtleGCx3u8DjAgenGN2gY3GahEaPbD8S4A2,pbummfrey2z
109,dgaggen30@simplemachines.org,$2a$04$80RISM42DhMiWso/Q4mR8.XKRBaYlJX83xLu5.OaEAzs.CTU0hV0q,kaujouanet30
110,vfitzjohn31@wordpress.org,$2a$04$iXnjApDbdqpM7hkqPnquiuTswk24jWjYzLl2Vm3LBVs9YzylmXUb6,cpilipyak31
111,ocoraini32@netscape.com,$2a$04$q24yvUbFdHUspLYCEvHMOuN2R.Hs.Jj4ilFAunRia.SHjVaN4hht.,bpurse32
112,gmoseby33@java.com,$2a$04$GX3FFh5QBevR1HFaZZJj0./H5lozjESky5BPZqqsVDHe1eRtF.qq2,swasylkiewicz33
113,wipplett34@biblegateway.com,$2a$04$n.9OQ5manjAHl.l9kBd/YeEe9YWrvPN1XwcE1e0jzOIxq66QiRSGq,bpehrsson34
114,zpiner35@hubpages.com,$2a$04$qmzD70YY8HlK4tKVs8gIUuZcoDcswSKgrDjM7g6AF6zxLrTv04J82,fbebb35
115,lbarrowcliffe36@yellowpages.com,$2a$04$cg8xFYsV2NOeBOyFM2SfKuVaEZB28/3xSVf3s8azTia/SQSNT81J2,obetteriss36
116,lcaughan37@lycos.com,$2a$04$CvEREvtkpqx079LsKYjgF.mf/juSGMXjHscNbITFJWSqh5RrUhH2u,cpetr37
117,cblundon38@mysql.com,$2a$04$Px8ID826TXgOjCreLtyn2e7BPuaNhBxB7/mcHtQ.Z06XWtpH7cHii,jphillp38
118,kmckenney39@shareasale.com,$2a$04$E8qf4vgEaDFHdbBH15DVyexTPal/titQd/7kokCloQ6CXj1XeDX.S,scobain39
119,sivens3a@reverbnation.com,$2a$04$7va9C4pydygLyaacazC8oOwRsBHDHmOSTfhint9../0VkOfw2u7Vu,rarmfield3a
120,bwickliffe3b@networksolutions.com,$2a$04$P91BcUWynDbHWk/fm8vqp.5znverGLTzgcrmJcfevVcqsX9kWJxRW,bsmeed3b
121,mcusick3c@paginegialle.it,$2a$04$pTYK6UyOKtQwEQ2k/9GHbuX4T.9sWoUQrCCMQ63Ny8xSQwa7zDyoq,mschubuser3c
122,gmccuish3d@uol.com.br,$2a$04$PbzbO7vUzpNhTokPvt1T7.SxTusocl8JsWqBj15Cl9W9Tq49Q8HV.,kwakeman3d
123,dorigin3e@oracle.com,$2a$04$t23du3BaIS1bCa1f5LwYJenGLwKiz04u6S.w.jWXqUO6ZGn27OlxC,acranton3e
124,wrowcastle3f@merriam-webster.com,$2a$04$h6AO3GD5rLYDsg024oRzzOPpcd9R8FLcAiYxsSWlxgq5FN9P3VHJ2,kmquharg3f
125,ggiorgione3g@facebook.com,$2a$04$rB/RX0B8ulm6mZVN9s5vVO67k5LL.dva9EBsxcktYNsajy3rtvVae,gizatson3g
126,rfreund3h@army.mil,$2a$04$RMKfcwzzwdFaqzfegBKOeueaDagCT6zFEMQKd.K9z1SuobDHohG9S,jwackly3h
127,dsills3i@hatena.ne.jp,$2a$04$DljVrqdoKR5Ojr0p/fsqROHUbrmwFQbB3hL.wDiOo64JndMLpK.6K,jdyer3i
128,aroughan3j@g.co,$2a$04$9c4qgMec02yz5gguM1QqQOowRmRgvdioO5BbWxlntl9.Eyaep3fkq,fanster3j
129,njeannon3k@cloudflare.com,$2a$04$jE8A.bQ9vnjq7FAOGpkza.WTQMEK0fiEL.8b4CS.0GWgkcffeCXXy,tbeardwood3k
130,mperot3l@prweb.com,$2a$04$E8MqP5asCDaP3UgEKWYfYuFhQ8rrwo38n2f/mUfxN73bZ3Z/PsYEu,jskillitt3l
131,gshakshaft3m@un.org,$2a$04$ZZv2G7snmS9kWJXtByCUc.45IwJDh9XsXebz5yxKHVRkCLg.9/Apq,dhammerich3m
132,aswedeland3n@chicagotribune.com,$2a$04$CSZPFIe1mIkqheH56L5cnuKIf.h8nEBzGVGLMLXpYs8B9Xffb23we,jtourne3n
133,kcarillo3o@yelp.com,$2a$04$qYpi2XMUyi23o1rXQZhGFuCw24HysvfCg4i8P3OGlw2AHnbWC9wve,lfonteyne3o
134,lcoley3p@npr.org,$2a$04$QX2qC4ZVkYimozWM8mdDvuScSEfFt.w6FRJ5RF6Dt4XGgMWrkKySm,sramalhete3p
135,amcclaren3q@yelp.com,$2a$04$t7Zme0KjtIOMXECBPMGf8e8wf0faxWE7iGc0qQ4zcbyFXNimkb0oi,ncarne3q
136,aroony3r@usa.gov,$2a$04$UqtPlxzmQ/y4srj3YqAlYOxweUJwSCv./xr9djMWqiV8jd.3NAopK,sripper3r
137,wwiz3s@adobe.com,$2a$04$bLOxf1KBip3do9cOw4pCwuo90SdzVhfPhSg0dAFVS4usIGNtG9x5O,troadnight3s
138,larmatys3t@tiny.cc,$2a$04$2oCeySBW0JzTtfPOeD38reUHjVNHrSIfMSoMbS8y4NgC5NG3rJ4Nu,ekofax3t
139,mmacura3u@github.io,$2a$04$cZjsy0/9Dt1v/W3807.EoORz8s27K4c0P7dm/hlEx.qeOKyoZBUrC,fmarciskewski3u
140,jpeterkin3v@yahoo.co.jp,$2a$04$JwfTvvmqkdESYamMo/8Vget4HQPFMy/Wm7xkZ6eJix5zPQuGutiee,aflippelli3v
141,rtomasek3w@com.com,$2a$04$RqwlBeYsYgVfmNruAMKkAOjg2hGQRh1/aGjvGvbqFREX/Mdm8Z.8W,aczajkowski3w
142,ajauncey3x@gizmodo.com,$2a$04$gWyq8Mjwwu.9zgBJEZsLkuLfdbnuKLzew8WblDSupZsDgNbB5GEv2,dboddington3x
143,psutheran3y@naver.com,$2a$04$l0.yap94CjqAnY9dmYM7.uCEQ.rvxzSnsdsSwV2QoUUi8az08fHja,sselwyne3y
144,wdiggons3z@oakley.com,$2a$04$QBrOeEyY08QRXs8I2WJYouICowuD10.giV86BUxNXQ7.ZjGqgAj6C,klifton3z
145,jryan40@typepad.com,$2a$04$bqr8cz6IGLjJcx.y/xR7pegGp9gR8Vu4wvoiICSZHXaLIjl/m83y2,gwolver40
146,hlowdyane41@sfgate.com,$2a$04$0UgpsGh9AtSv/IdLytRJFOs8DOXBnVEWMeg5mLKF2XtMf1XnkFQEa,vhuzzay41
147,ngheeraert42@google.it,$2a$04$qRn1v6iH/0q3MB4tmQUdBehoXYRNMnI.lYjxWfKvgiR41vJHb7AQu,kklus42
148,glambricht43@histats.com,$2a$04$1Db3TzqTBueLN.8W/O7.fesb6dR7pCAnIujgxDwnI6ukGdjHdk70W,pjanda43
149,bfairlamb44@wikipedia.org,$2a$04$rOeUlue4wv.dBnEBOXoJjudL/JxpL5/ykFCoGj/itQGa9qSnzdChu,amorrill44
150,qmccrisken45@prnewswire.com,$2a$04$1FjHY1bK16uSaT.pYDqwTOrCOppeqxkkhkoSu/7B1DPBf7qFzq7Lu,klewinton45
151,dwakeling46@admin.ch,$2a$04$NOUd6uZDVlI5UU8FrqErd.TlBFhNvmM/dhnaTEjsaJouTehN9yG1i,atripe46
152,cvirgo47@whitehouse.gov,$2a$04$fMk6zuOsytUyJp3XBIYWXef6lqodC742XcuC3a/SHRiFSrs5/XVCW,kaulds47
153,pwolters48@tinyurl.com,$2a$04$PiTo8YdB7fJJlE1NlGxpMOiYYYts0PKxBbtHeeja/F2XNvg.wUNqC,oconningham48
154,ljencken49@tripadvisor.com,$2a$04$w5ReUEhZLp02lVLdlRSmOO4dhTYr5AastWPWjzp.84lTUNZy6ZZRO,rfrederick49
155,psmith4a@mac.com,$2a$04$/ZfEwu3qsfMwiQixyqlNyO/GcQ0kE4jYZE9j1PVY0t24AakIzotsi,sablett4a
156,docurrane4b@census.gov,$2a$04$DH31W3/8C8hrY8HH0FkOdeHa4sBmWLdyD9Dm02rFuJb8FLKh7K54e,slindstrom4b
157,amcevilly4c@free.fr,$2a$04$3AexH8gvtjXyfrLMD5/BCeuEwWBBFk9CAh9t3d0eH1PlJ5RXJ1jmq,aalfwy4c
158,mdaysh4d@dell.com,$2a$04$V3/xabquZjLpvjeCwhjFg.NXCU0DwuDyXSWpi54WQ5or.pzQGu6Pu,ssproat4d
159,lbowry4e@unicef.org,$2a$04$VUvmHWqzylkijJpU7VshRu4eE44isVCtocGSKCU1lAFwFTsVaB2/y,smaffin4e
160,ldalwis4f@senate.gov,$2a$04$.AFBgbm3rpEKrVLSd0xqVeCPedac.RzP5Tb2/TI4BwaTde4AC4X2q,pthomesson4f
161,hgrimes4g@spiegel.de,$2a$04$Tq6lHS.UO2gVefmCLjFS/OEIdVOW7LGlPRZ9.0WUf3xHA4ixjPTHG,rashness4g
162,mvasyunin4h@webs.com,$2a$04$DHQWilTwcgiGO76npipxxem5OycwrqsqBP7wqDOz/GoCW.ikrps7e,sairth4h
163,cstelle4i@wikimedia.org,$2a$04$AU2LvyBxdj08JPMwKQ7ViuAUDADbaeBIdU7o7o4ap2S84DsDhwcSW,ngoodburn4i
164,emaccallum4j@trellian.com,$2a$04$z8iUaZpE4IH1XFrLRN4DBuvT9c/w80nFCrXz.ibe5HnNGtEAvpK4.,jsantry4j
165,mtortice4k@w3.org,$2a$04$RcCENj1SDtlOKE3dqeSHZ.GezEB4l7SEMO2c/2h69nS5N7uUUA9li,jguerin4k
166,abrower4l@indiatimes.com,$2a$04$VImFxLjiYoxoJv1F5epSCOYae81HJXtCzff7vI9SN1pvDGW30OozK,kshardlow4l
167,aosheilds4m@cpanel.net,$2a$04$J89oTiYwTBWYOut9S/Z4muP6GYhUwN/3WT9UUciPBMTj1W9.2a3du,sklugel4m
168,lshann4n@apple.com,$2a$04$4ogFgAJIkIpT2ajI/Q7Dwu77shZHLujIxmGW0MZO8RpNegPUHnjMe,fkrzyzowski4n
169,wfarres4o@reuters.com,$2a$04$7IY0/UHGs8aQNgD7ZjdeTOYUsthMzMX8Bt7Pj2oAHtJ/PM5cmxdIm,schildren4o
170,bcino4p@netvibes.com,$2a$04$GXwFYrK/epUNiMa.IZWOAePfMuknMa1H7K/kU/RHIDHhN/PKH7tT.,wharcase4p
171,npesterfield4q@msu.edu,$2a$04$sYJ041DRzBfrOpein9d./eKDTsFYurAOITF32q.kUAqqkK2X6BEAK,apietersen4q
172,lbrittles4r@twitter.com,$2a$04$fGfgBMr5Z4cWZbHyB/iY5.1vHTJSpc2JFYhsszOPf64oa2reqDsom,iacock4r
173,jhuddlestone4s@goo.gl,$2a$04$pP4KBsj6iplWdj8Bu1PFgOdKnzAJpgS.2ETRNq3FPjl.iTod.NV8G,canelay4s
174,rlabroue4t@mozilla.com,$2a$04$E87YGV61fo4.Qh50ldAE0u8zFBHD5tTHCMo2/st1QyUeeJHru1Z06,relcombe4t
175,aparsonson4u@deliciousdays.com,$2a$04$ThnHath6I0nfC0GJCTzAl.41JL25UHCHrTRpycjhPrWNtMji3yzVq,dpetrulis4u
176,ltunnacliffe4v@timesonline.co.uk,$2a$04$S2VV2Mrm5OyBZeq59Kdws.Nz0yVoRocwa.jAr8gdq23kILlvigZIi,bravenhill4v
177,kfriedenbach4w@springer.com,$2a$04$8iahReOUXlKPtN96clESju1gfxfqmXaODxUBdJXZPjfalk3g/oyxa,hgorgl4w
178,cscheffler4x@tinypic.com,$2a$04$YIdrbiH/AUg/0p0lposz7eDl2fPD.K0Q.B40o.imhj/WZfx/QEuQ.,jdeaville4x
179,kkimmince4y@bloglovin.com,$2a$04$gII1GYpbsZ/ms7ZQwhH3VO8c4jcpfAl98.uMa17OGZBWdSdmbinNu,jreyburn4y
180,gbedo4z@pcworld.com,$2a$04$bGo13qzh.DWtFnkgs4ofi.1XeN1ijlSJfxpHJ6M1vjycH/O618JuW,gbigly4z
181,epourveer50@jigsy.com,$2a$04$5WDN7NHzaKWsjSYE4kISveud4I6qM.CStNSm6QdDL9RcP8qtVOrJu,droche50
182,bbrick51@miibeian.gov.cn,$2a$04$8N/QzLRW7VdN9mWy52UEsO.maB07WWYp6CFMZBhsBTTH/LeQveW9m,agorce51
183,tyankov52@amazon.co.uk,$2a$04$5dz9fXC3CogqK4QhBKk3j.FLYjcnVxrtw1vOQSaHqQs6hBtKTZVTW,kbethel52
184,mseargeant53@bbc.co.uk,$2a$04$lQ5d8X8bMqQ1V39RObEH1O8IZLEedWZQiXzPEDw7Jf4jJQu8JJmgm,nstreeting53
185,hjindacek54@cnn.com,$2a$04$4gcTkzO4fNUFdklHabzok.sOiFhHoimd7KUMeu2beg0NE7mlUho/i,kveck54
186,vkirkham55@zimbio.com,$2a$04$JbQbeeng5diqTMqbQq.6K.KfQjnI01KGOHum3y3ot/1tDEgjinYla,sbasilotta55
187,kwalesa56@macromedia.com,$2a$04$JXSo6x//I6gvh3ykHxJ8aeBLv0/21grOHDsUMLbrk/U8yeFxdA5j2,kpirrie56
188,jminithorpe57@jalbum.net,$2a$04$drjc1fwqkgXfvFp/wmLNGesDq4dNmGgtDuiiNVvq17SuVxcwk85r.,telderidge57
189,jnelmes58@prweb.com,$2a$04$i.OXoPNxBjRsc9zpFkLs4.BaHgf3tJLpu5tVC4RVIQB5ZVypNK3H2,jrivett58
190,jmangeon59@studiopress.com,$2a$04$3PeZnrPwsUbMzKqRsNac.OWBdPK6UkAHyxqTK6817SZVdS5E8sReO,brickell59
191,kjowle5a@chron.com,$2a$04$cpvanK47bE7ZTzNuP9sXYu0vnnYT7opQhJVUl5t5T6v.djnH.3tcq,kdillaway5a
192,edangl5b@latimes.com,$2a$04$mAnHcwD9AMZKpzeZW1i/VOGpapl43Uw5QsCrqtyQXwlHhxKlEqFNO,kperkinson5b
193,gchildes5c@fema.gov,$2a$04$Hp3hNJ/AbtbNeV2bweFqWeEwqa/K4vac8cCYMs7WAsFIn7LnD6yAy,tdiamond5c
194,ssimanek5d@meetup.com,$2a$04$dYy3n5juH0r.WFy.hQBoCOq5LVfsQbl16f5m3LHOo300gDQMybw3i,bcurphey5d
195,cbamford5e@barnesandnoble.com,$2a$04$OqLyf/jCM4QyaHIPADW3YOkThugo7freC7fu1lZOnPEDSs/NH3Nyu,aable5e
196,mdanilin5f@theguardian.com,$2a$04$Jw.zfvrI.u.jcrCWyVq8NudleOWpd8Zc0F7p6rK9vm6.30TlvR7gG,soliphard5f
197,dspurryer5g@state.gov,$2a$04$FsPoFdk8F3wBytO3TIQSTOaW7Txurlm7kjtKpWrf18hOur3ZUsZ8K,ctattersall5g
198,arubenov5h@telegraph.co.uk,$2a$04$SrSbD/g7OiGEqECtkSifp.79mXt.eYEvkyQQ0DO0HzvdzjJfhtY8e,cthome5h
199,kandrichuk5i@senate.gov,$2a$04$MHvZWv61mV6kVHDH7tD62e3zTtxfCr/oxiAaV8aq5frVArhkmf6fi,pgeorgius5i
200,fputland5j@etsy.com,$2a$04$TnnSE9Vuh4.eWtBbbmsyNest1ZGW7lVfEHjUSsVN9k/fXcR2QRf3.,kedgeson5j
201,jure5k@baidu.com,$2a$04$NZQ/eAH9Q8sPA4ktDnIuoOBMaiHwq2nn12rzfYFKBK9zKxKxglN5K,mguierre5k
202,bgoulbourne5l@globo.com,$2a$04$z8Isk5c8cTfyr0PfsnvJ7O9lM34dxe/XIXNHHoe3tnLQO/dA0/HUe,lsheather5l
203,jsavile5m@fotki.com,$2a$04$Tjf.Fk0Hg3CcjqEQDNonTerAEllkpxwR.aV.V.7id4RGvWaKsefhS,bmoncrieffe5m
204,ssandal5n@bigcartel.com,$2a$04$OHAuUNhbtMfjIJR7ls2A2eqkwRTStKQjhY60ssscC5lG9tti0by/q,rdidello5n
205,gboase5o@bloglovin.com,$2a$04$fzaNHKmD8yozCeTNtYCbc.yntTlVvY4rw.dV1mYavtO.ioS8Kz8C6,pfelix5o
206,tmulheron5p@is.gd,$2a$04$O3Bq0fMI8CtcnMU7PRJbceEcoK42xonryeN8rZSPNwLkSBqKz2iAa,blowen5p
207,beddowes5q@bloglovin.com,$2a$04$ZnvW4OYUr3t4GpCjn8bLtetOsbFzTFZg/ieyT7odN6is8UgCDgetO,abellhouse5q
208,tcreavin5r@eventbrite.com,$2a$04$GH0Mv8578pLjCbf0Z8XGmurhe/UqGl16fxIJcKc3KXRfi7uJw2aP.,amcclinton5r
209,vfebvre5s@reuters.com,$2a$04$ubUDnuM8uklAlNt3QV9Kc.8zZXKG84u77695eRCgLM/opDrWSrO.S,adomini5s
210,dmcramsey5t@acquirethisname.com,$2a$04$F1Fp3ad8AQlSVxwOjHc7aeyBG5OQDCHSlO2cfbsLvnirx5I/ccVjq,bsimmank5t
211,enassie5u@amazon.co.uk,$2a$04$6jY1QpV8KwlP2K06QzbBPuVK9TgT6qYM9.4ummBM6Kr1EQlaSUxaO,cladbrooke5u
212,bmachent5v@dot.gov,$2a$04$8uezBmNur3y4ImsESX5v/O8wgsN.TeJCHMnN/smYbkqkJhS9HFHT6,rratray5v
213,bmilton5w@jiathis.com,$2a$04$ldfoeb5snsu0hvSh2n8.kO4.Wh9Q5cR7cjR.FJ0SsLb4VHNbnAvxi,sclimo5w
214,rbraxay5x@sphinn.com,$2a$04$jA3Bwve8R86BkuJE4ccHU.Pc8jjWJM3/FVXnsrlXsjJ4XPsJxPAei,dpahlsson5x
215,ucollibear5y@oakley.com,$2a$04$.Uzy7fQTKw1UBC2.qh.a/OYOyRt2VQVtednDrn24w9tavJ8dxfdDi,iluter5y
216,kbriggdale5z@amazon.de,$2a$04$owJwF42aIc1enKIHu6GfqOhDNCCE9eB4cpTLcSpkzDLAEAAt5eUuO,fjenken5z
217,jsiderfin60@ebay.co.uk,$2a$04$4aJIDErStQ6xzj5FVxwcwe0h8MyBOG.Qlu5B0Ms3XtIaAJQJqMtT6,eweakley60
218,cmableson61@cpanel.net,$2a$04$5xsajKaMYhNhkA8pb/AaSOyMRisWL.XGng47xxPmo4NaWzMGGsk7W,fsmoote61
219,hgladwin62@wp.com,$2a$04$Kw5a.1SjmDgo2afcEIwbuuxNY0TaU7RNcoOcR9uXrA6TYbowqKYiK,amusker62
220,owestmore63@de.vu,$2a$04$2yump0kVFD17MWnJH3fR7.Nuji7HzoFW8X.m.0plDXautL7/q/Noe,rflaxman63
221,ayatman64@nsw.gov.au,$2a$04$BAJVIEfoOFaoBhoHHqEl0.Kz5R34KCG3Va026seB8mD2bOGZB4I9O,cvaughton64
222,bgery65@gnu.org,$2a$04$.h58iZN10iJHN5tx.oGfVOHqOfQ0xj56cVTLHrDTwmjpX2EsWBFEa,opittwood65
223,awheeler66@smh.com.au,$2a$04$MVdR4FC0KqnUC74ejSqcgOqVevo/DrvOGCIurbDiRQvg7a7d30xA2,dfahy66
224,sundy67@ed.gov,$2a$04$xicXrrxBKiszCx4uisVksuIxezo.fmGk3VcQP4p9n9Ud9385flF3K,vandreopolos67
225,fmeale68@usatoday.com,$2a$04$7zdRgpRb6QRr.iMlcuOdMewQrfTgR3xbk9gYq2iknzI0Bi81G1wFO,rogeaney68
226,gdulen69@tinypic.com,$2a$04$7n6sTv/9IoruwBsxUeFiUuuL8oQ/5Y/rcuuMmeri740a7RUTGAfk.,mgooderson69
227,jlansdale6a@goodreads.com,$2a$04$IIXVQ39hskDqRV/r.kasEe8g5jpFZIQ4h6aSqdKSkcAjk2qAndhbS,bworham6a
228,jmusselwhite6b@boston.com,$2a$04$N.HLDuyxClFzwpUqAg61U.4pDBRfG0q3Zq9mt/XpirbjRdkI091YW,gbraney6b
229,omackonochie6c@howstuffworks.com,$2a$04$VXipIYi3zeqZTt7JNXMtZuQbV1qNwo0EAaNKararDYb.5jJJWNkfe,dcopland6c
230,mhenri6d@phpbb.com,$2a$04$K46ILK6HlQus9FhypqjqH.dIXtDkyzlpQTSic/1vjbXPdkx2eRaP6,mchild6d
231,vnealey6e@ask.com,$2a$04$cTeMpSLbOOAzhR2KQgjQOecTSpghg2ZJ8V6TRiljcYDhK5WoVx7pS,rduffet6e
232,bdraxford6f@reddit.com,$2a$04$2a8FHMIUMwlxwWTHtt4leeYpkUApfylDH9.efwecBKh9LttesMn6a,dfrancescuzzi6f
233,lpahlsson6g@sciencedirect.com,$2a$04$8T7biVTI/tpR1dcWYKKw/OItBjLP9.g9cXh2eyrGVrZw.Hz53WfLu,cgirard6g
234,tstern6h@harvard.edu,$2a$04$HWh3.smw9TWYTV0UIO25..2lDihwLQcsQq7M5J7blPvabfWwkQ832,wdrains6h
235,rlambdon6i@shop-pro.jp,$2a$04$tnQR98zoBGNwqLIafsCoaeFY7WTbpEIs7luAwGp.VMGuDff.OS./e,ihiom6i
236,ncapes6j@mozilla.org,$2a$04$Z3gWPmzFJTSm3pk7nLuBhOJLq3ijlSWMpsj6YR4Hjiv51U0fPSmKW,ourwin6j
237,owhittington6k@auda.org.au,$2a$04$ms/btpxDgdpLg7ZRUQYI4.h5rGYeNUWmf5rFe5VlH/IsYLiC0raSm,mbraunston6k
238,broan6l@unblog.fr,$2a$04$quj0n4eyKbS/lA0ylhAR3ekTxpFPFwMlUY79K9igI5NsWaga4zjH6,ahanssmann6l
239,rfrew6m@prnewswire.com,$2a$04$1yvyFAvTiEmcpn7ql.DuDuvMa1prhr9edTmvUaaHHJSjh6yIK2B.e,alankham6m
240,foveral6n@sfgate.com,$2a$04$RLXfWhr/jmjf1hOt31WWFe7h.8ynxV5ax2RMXND4ivxlinoJM.bMi,mianittello6n
241,tdandy6o@msn.com,$2a$04$/daoK5nNDGPGVRkSAiS0V.1WNKz7MlyHYD5OspfcLui.QsXVSvwYW,twrightson6o
242,plynes6p@1688.com,$2a$04$TQf.d/c45zo2P2yNQdqPD.fkqmWEaZ0y10TmN8jzROK.Geq8ig/Ti,vfilimore6p
243,rgodsell6q@alibaba.com,$2a$04$aH.29pYM4DkJUXXGmi58Y.A6O1gsVczjELZwrrhz7Hp8wfi5Q0fye,jcathel6q
244,gridler6r@moonfruit.com,$2a$04$HXDUMmSO2jD1uCuGmV3Al.ZucwKMHjfNlD3xjAkpVN.wMXWV8WTTC,tambrosch6r
245,bwessell6s@uiuc.edu,$2a$04$bb7NKSYw58BBtuBb6AtHLekp3WXQ.jVNlwZwS8jCxiknLqG3d4O.6,lsellan6s
246,blangfat6t@sun.com,$2a$04$F9Ifi9/helAIsxKJItMH1.9hntJZBerke/6aCCer3ZeU5WN5eLCwe,ahurst6t
247,paldcorn6u@berkeley.edu,$2a$04$ppXcrlozjdwawdeOFjn7e.GgYYl4mW17dBUg.6Zr80AMJ.buX0JSu,apalfreyman6u
248,fcattini6v@ca.gov,$2a$04$5XCM5j4SwP7vUXu/qwEqhuStzuE0FdrKIZCzHdC71Z4t/tjb6Gdj6,ybrydson6v
249,dmcgahy6w@businesswire.com,$2a$04$lOszu455D5GQijK5jygvvuXMYBCQoe3ceAXR7Fo2wd2YeK6zMOeqa,sblumson6w
250,joleksinski6x@narod.ru,$2a$04$nmLF8NwMF3fUFmoCfgZA9uCABrzCAbLsuni8XuqWdD16z8S4tYutC,gcaesmans6x
251,eburndred6y@amazon.co.jp,$2a$04$7SsURbeCFh.k7xrCyBJuCuaRFIpO6IZqg2pZ.2HE2q3RQJPpPz3/i,dservante6y
252,sburgne6z@economist.com,$2a$04$1LXIjtdnfy/rNmY.pIFvLOlQIGrdI6rV/nWhJQLB7lBSnTQMw9Pwe,tlarkworthy6z
253,gdrissell70@creativecommons.org,$2a$04$h5.cDE6FyAnFxRAi3qIX1OSjbh2iBgrYwNKfwsbjJMW1BQdwMjS12,ldackombe70
254,cheymes71@t-online.de,$2a$04$jIBnCfEzfUQq7ugbLsMKxuYyAYZx/ibGsy/HkguMZ1PuoBuk41Ppy,lyurchenko71
255,lausiello72@sbwire.com,$2a$04$qEnb8JnH1gMN7Hjq5lVzV.mSZZIDl/fLnjmiXjmWU72uhMXbAQoiC,aragsdall72
256,pdeniseau73@cbc.ca,$2a$04$egHxHdcAIkYUAaqIxH2vXu61EycDQWc3JN9WKGDe6hRVWiwnEIIDC,bdrewclifton73
257,slacelett74@senate.gov,$2a$04$RmYL9iFxDjoO0/9rG.ehpuO8eMkB0Uo82379atHbk5iab771JLh1u,ioakenfall74
258,lmellon75@earthlink.net,$2a$04$nPvBqHdIYaTX.CKFPoWLgeoqnDp3d7h2w0wVV4x4XdFze6QE2Dq5i,edanielsohn75
259,adudny76@harvard.edu,$2a$04$xnB7Dha5Qas9DHsYVi4LieyiPHluCrDMmjsdpBpOxW0PiWhRPaEfG,apreshaw76
260,voverland77@aol.com,$2a$04$iVZRmVB5HNcZd1KWOI08gu0x1PpADPlKlVhICVxvTHdNE82h02Pru,tride77
261,acolebrook78@imgur.com,$2a$04$fdVUsiC0Hlwz1Hd3McgzyuDhjCR13xIZ/TEJTox8DDpL4LJUgIcIS,chardstaff78
262,obollam79@cmu.edu,$2a$04$ywtejplqE2cjjYn9pZmzreb1Qvj5/FLieUojgbv1/azid9AIAx6Ga,psharer79
263,spollins7a@dot.gov,$2a$04$u4rv4.UODqRDl2oLyM/Zp.0GYdPK8EAoNqHqfjvo71kwfCkgXBFc.,bwinchurch7a
264,ajewsbury7b@marriott.com,$2a$04$sXBPITdxPbLDP5DA2UQrWeeSqy0IzMnVWx74mtqtAbEQKLtf.gXDi,rpinckard7b
265,npiken7c@google.fr,$2a$04$fDqeH1clMDZX5YR8to9uCe3DE1l1HsIq6LX2CmATQXckRdyL3mp16,cdearlepalser7c
266,cpadly7d@bloglovin.com,$2a$04$OtoG3/HYnZPkuYHhTssdx.2pOZXwnQlCgU8TcsqrwQctO6v.5k1k6,wquoit7d
267,hbingell7e@reuters.com,$2a$04$HkimqJ3DF0rbiOe6jOUFtO5m0sa8KNeKnSo3A/HkEJBLL4ADsAfE.,hkabos7e
268,rhubbocks7f@ehow.com,$2a$04$p.NhiV/ipP7ydsmwgDkpnefPwN/k.2gPh0LRDYpf7VVXRwi.3AaR.,hmcphelim7f
269,sspinozzi7g@desdev.cn,$2a$04$0MkDzPzQGa7gDyLYeECisuPZv08FXv1HeQuIleQs9yyw0oDNhI/im,breeders7g
270,dstatefield7h@free.fr,$2a$04$aDT4LZaaH1UbxeFFhaVZO.VENBGiKeO9MMoR0qPiJ6lhR5LJKba0K,ldenisevich7h
271,kyeliashev7i@discovery.com,$2a$04$5D7fxiH617RGJN9BrkI/nebQ5jSe/quTAE7vF76WZfsb7fXTfwHve,chandmore7i
272,jaspall7j@posterous.com,$2a$04$b0mAS4nnJ9z6KppxV7a2W.pdJ.hxgtY.t70ciMJuD8ffT.1tCDqVi,wyaneev7j
273,jlodden7k@bizjournals.com,$2a$04$AuU0Ijp5gwTvKulKtYhpK.xpTp8FSs2p9XmyMbCpCJfBSz3FTZnQ6,gkleyn7k
274,ibrimelow7l@dmoz.org,$2a$04$lB0nwy41Gd6ZJLDP4YuE7.gMy2mebbWw32EhFlSaS/3ZKHyKkxQ.a,ccoase7l
275,bbaptista7m@census.gov,$2a$04$DU4RGlC.JBP58wgK/nqEbuB7LGKJw10ss7QeaelQ6lVGiXDcllzqi,cdrinkale7m
276,kduetschens7n@miibeian.gov.cn,$2a$04$7GT4GbIxhOy.n7k3gQ6JGe7UrNDII6Y/cmSagw8Pjvb/.gdoH9nlC,bkeuntje7n
277,asherrum7o@telegraph.co.uk,$2a$04$vvkXjrHE09yKrXtOvpO2iOCeJrt2SVXHbVdzPVIpT1/WenSlm0WFO,vswinyard7o
278,vprott7p@mediafire.com,$2a$04$j6OWPf0GQS2nY9xjKysa0u1DqB7N9vxPPgbd8WAJdfy9sdpy4oiWW,fschlag7p
279,ephelip7q@ca.gov,$2a$04$tAsaiS.XmUBbY6ViT3MFp.TlvG090JdtiTXsWdMWpBVURg2mJfsNS,jhawkett7q
280,lbissex7r@free.fr,$2a$04$YtNIIkVCuU2xZwsLGnu7DuZERbuQ5a1huQm/Eh6fY9jN5uL049Ko.,vrenad7r
281,mmerill7s@paginegialle.it,$2a$04$GeeV7sT/dmEpoM7brSg29ubtN.Jr8tj0zrGHfwqCJzzn/QN59m6ta,cswainger7s
282,gtwyford7t@ihg.com,$2a$04$6DeIggoN.HvwBfnD490Q2e7DkEQGYEUjsV1/yi5Z47m5YLauJ5xRC,teates7t
283,kwycherley7u@prnewswire.com,$2a$04$nyRXfPFi1zx9aVoSUZ1Mo.pGzyoCpsKHPL0SmZq1VT92iRKyZOcnG,rsommerling7u
284,btabner7v@constantcontact.com,$2a$04$SkR/Jlb5mzVJ28h9ryF7T./AfL/791Pr7a2CMcYEWDU7VzOfg6ouK,tdickenson7v
285,hhitchens7w@weebly.com,$2a$04$8k.qS.ww8AucSY2SxZpk5ezNZfiAaWqJrkADwzcFIFH8wbHWTE7ja,mpaulusch7w
286,ostewart7x@cafepress.com,$2a$04$g3.LJ3iGB9apPYsMy6XZXu4EmCpl5AkORRPS9t6EfqWk0E3RY27Du,kworvell7x
287,benocksson7y@house.gov,$2a$04$yhrvdMhKamXieC9BeHaCheS8h0m1eVepM7mNwBHu0lXRpv38Zu6Tq,bbitcheno7y
288,rgerretsen7z@fastcompany.com,$2a$04$twiEuYAdDBI621CAxvcne.V0PYmKWMzLjkd7yX.DONTBWweAexJ5y,pbeckhouse7z
289,dvinter80@china.com.cn,$2a$04$Dv2DyOx4tyV4ykTEJVnQNOsa4i9m6HtuaQKaQkmrWIa.CzP0l6Twm,jdaviddi80
290,arudderham81@networkadvertising.org,$2a$04$SdIDm9GtDf9cRKPKseiPqu3DsAYPz4hqM8X4zwcE/ub7D50eAn3JC,bbonniface81
291,pcanham82@sciencedaily.com,$2a$04$I9yXVJdgfprmPQeYIX4NrOJGf4F.iMyW3aHtkr8pt49cLZ5bSTogK,cgiovannelli82
292,cchown83@mapy.cz,$2a$04$cXYyO5V9nTzWmTjFCoTahumVLsv4bGgRW2bi6fRoO7MnVTg9ZkFeG,krotter83
293,gpritchett84@europa.eu,$2a$04$zqW0PBJcCSB49ODyyZPfaeJ3mudTEdERsEE/UCr89pveoxE1QSH2q,oedgcombe84
294,abromley85@opera.com,$2a$04$O7qrRL7zpmN3nj7ETAGObOI4wSKg34RqmPLpzW77DU1FVo.e2LVGm,rstolze85
295,ptrevaskus86@spiegel.de,$2a$04$qzedRWTvw2CA/ljJRZB8rO4ylIqSYB5v/URogBf8nTBX7BwbL/nDW,jyoutead86
296,jdartnell87@utexas.edu,$2a$04$lI6Z9Bn1gIJV8IUpzfX4O.bzDFxgDQonyfMNsLyGknxA3iCV4llk.,lgodfroy87
297,zgary88@spiegel.de,$2a$04$qYoZNnGoTGPwmMWs3DYYnu9MjXKRxtUW4fGd1z6.rnTcLN7U5u3iG,dgniewosz88
298,gfencott89@chicagotribune.com,$2a$04$7xU/cKz4WGj5ifWCAIbTvOuIgrm86A279I8cL3bh/bbjs0iNWkHRS,acrowther89
299,crehor8a@wordpress.com,$2a$04$lC76KkyH8iOli/cLcVedEeh3NjUnrBrbksmQCGOZ1HzJhBcCdmDvq,dnicklen8a
300,alandrean8b@joomla.org,$2a$04$OmA8p0Vk8fP8xHOfHZdnruSrZasrkTO9l3TBBE..CVbNfL/tQBS2a,walberti8b
301,bbussen8c@yahoo.com,$2a$04$B6.WANa0jRNRWnmGlBpZJ.eSk7vaQz072meNZeKZe2wrHFfmuRWQW,eemmet8c
302,gbattison8d@skyrock.com,$2a$04$80KJ0U2a1EqtfQOIYzkkvurUMf./Ec4dweB30A05mqGyGoA/jNsbu,gditty8d
303,rdenniss8e@cmu.edu,$2a$04$3xg3EQS/WRXk5GSy5Hs//uFQlgeu3.2qAISBXSmrsz1sXtA2ejTyK,agiraudo8e
304,nkeddie8f@usa.gov,$2a$04$IZtoU0ev6NacDhe2/W2ek.VNivfRLNdyKUQteJ0humcHJWqERjO0m,ebjerkan8f
305,fcrowdace8g@wikipedia.org,$2a$04$OD6z9uAgdhPoppAJ9n6UcOrDU4B1iImo5siJ2Vjs9N./OP2CWxNYa,baiston8g
306,jshackleford8h@prlog.org,$2a$04$HiHWFdfRPSwmtPu3BGXBJuyYMM36TfFlpUIfJcUpIXgjqgb/Wy4yO,bmiquelet8h
307,dsiggee8i@gmpg.org,$2a$04$qEBmuPc1B.KT7zXQN5Z3s.Y82geRXs2g1Q8gbIg3xz02k.k2ZI7I.,aedgeley8i
308,lturbard8j@sciencedaily.com,$2a$04$Exbg2Pwx.MbjjmFAi3BiS.rWGrcWqVpgpRLbHdhGoPN9znbe7LSW6,mburchett8j
309,tdehmel8k@jigsy.com,$2a$04$xd6iZXaXVhOwm4szIu8nr.bR/z91M/vdzVFOZbnxvx8nZgpsYBg/2,mdring8k
310,sbartholomaus8l@economist.com,$2a$04$X/M5uSKufM5NBTM6WL0a7.Mz/V57u5wBlmGsS8BopoSAOo.QcdJuy,gcaslane8l
311,ckop8m@rambler.ru,$2a$04$xD5y43pgpZ2KZjkPe.r68.KRXsR4nbK8lL5G.q052LrtswBVOpCG.,cgwinn8m
312,jczaple8n@geocities.com,$2a$04$V3hN63xNGMKOdz0QHmCBnu4L5C7T6V5LQH.XcRjxIbvPAlRrd9qLi,dfellona8n
313,fbearblock8o@yale.edu,$2a$04$ZdGmRQA40qr8.MzlnTCGmePNd3w64XbYzARyQGYgNqkDMCcyV70KS,pberks8o
314,mgoakes8p@cmu.edu,$2a$04$t9CofiDn4A33PvsDkVlhaeif2U55VoC2T9uKzgrsYeYHNR3A242mC,ebertie8p
315,jfabri8q@patch.com,$2a$04$plow8vVzEDe9GCPJ0/YuFe5.zNh2AhHq2.ifedZxfwgfMHE.tyoYK,rbroadberrie8q
316,cfairbourn8r@mysql.com,$2a$04$yYcMOKV9G8KutZI9CPhLiug2IacGLOtEfONyaGemJqbo.DPIhCd8W,jbrokenshaw8r
317,swreath8s@arizona.edu,$2a$04$vjOb4gsfA0WHcPqVHTJrgeKvLW6dJAstMwxBiMjOFE7mG8N.bH.u2,gough8s
318,ajurca8t@thetimes.co.uk,$2a$04$1mrZsVmZiH.s12NMOEmbOe9Dn2UGZa1UZFCJGaJSeClu/lBP.O.w2,eteale8t
319,ejanowski8u@patch.com,$2a$04$EUqwQD2zr0K2pew8ossD/eiJ.PjlxafQDZE.v.rHkuX3xC5GwmazG,lsilley8u
320,ldaunay8v@businessinsider.com,$2a$04$0RkamseDL0cK.OHOlD4U8.BaTs/5eeLoOCKUZhrq9dnZtt1HylCSy,ustoter8v
321,vhattoe8w@mayoclinic.com,$2a$04$mYZuElHmGp.KQ13bw7phtOtV3YJZxpOWrfjb/sTV.cZcN/0QT2B2a,smeconi8w
322,jruthen8x@sphinn.com,$2a$04$mh23.xJWE49nKhvFiY1foeuJxW1r9zu9K.K/SSMNjSR0FxAzNwVEe,eculp8x
323,iaveyard8y@blogspot.com,$2a$04$YCTp.3xWixPdQ3DBPo2eIOt3PE5Z7...gL9IeSpKu.mHSsEaYgRv6,fblacklock8y
324,skinahan8z@chicagotribune.com,$2a$04$lbfZX7m9aXsJRJSo2JrPpeuWA0WV/oWq5FCRZugdtlFXZZLTXilVW,cchsteney8z
325,aouslem90@about.me,$2a$04$KOPakXqMXJrWtoDhBOHWz.6YWBh38PimfQB0TySe/7goNi/fUyzTO,nluard90
326,iclac91@mail.ru,$2a$04$G0xBheVaLxdGVq6Hl8Gf.OCszKXoxvYJjkPt/N.pn8UYSm/DnI9S.,eswire91
327,afeehely92@vk.com,$2a$04$X4hn57lbqWKJ1edzitpgtOEqh9fspyiBJv8LjpNQT0joJorHIPVwq,aedgerly92
328,kemmens93@jiathis.com,$2a$04$qbPzRLwTDhgAXdfC6AoI8u11UYe799HgcmOz78LaOUt6lug651lni,rnafzger93
329,bhardey94@cdbaby.com,$2a$04$Q.1Qnu1Zw4qYTw9xIvuJTOaKKLJcSD7mt3ZH/QFTujQFwYk9zo50y,cedser94
330,cneising95@mayoclinic.com,$2a$04$Vy/CSC94CNNOicQNjTcbyOtGyR1WQkPZmh/wETqSuuGrYDPsF6N0u,ccrighton95
331,kseakin96@sourceforge.net,$2a$04$NHWPLfOuslCgXajY75lm9emBakch1pJn13ildAikjGjcTbpuoGDra,aserfati96
332,hfraczak97@typepad.com,$2a$04$c828ArrSv6OL3AL4yg1bQeJHuPj4yhEQe2AcIjYMErVjfI69oH.eK,bcoram97
333,hnaisby98@domainmarket.com,$2a$04$k0zoB7OxGxRHIvhvxiOBeuGgASLBIR4VPQdWyYVxSUvhPpHZ4lkpe,fportriss98
334,mjacobowicz99@qq.com,$2a$04$YBzbn/klrEh6bwouFKgYXO6.aNO8Bnw8nmaOop/wCDYUpKF1fDWXK,mcharopen99
335,jfitter9a@virginia.edu,$2a$04$B0KHU0rfHvikkIrHO4olx.7Q9oc0urNSlQr29WrfXL0J7jB3i2Io.,mskelly9a
336,gbraffington9b@com.com,$2a$04$fQeVF7dVI9TxpqodcZldMeWv91pDfxejYGOz93t9taMvPDBGzZlu6,tweston9b
337,btroughton9c@lulu.com,$2a$04$EjjndMB4q44H/zFG7F/Jq.ItPsOe4WkVNAGsmdrnMV87E85tRndeO,amartinyuk9c
338,ltimbs9d@cloudflare.com,$2a$04$.7.HALU3phMkuX.JEN6M1eflz/9tgo01R8AXF4t9xbs1Qu5fIyMKa,ltreffrey9d
339,rsilk9e@so-net.ne.jp,$2a$04$Yav2S7txA9XO9B.1wXoKwueabPSTy2r93SHAY.wpCLkAN1MgNXMRS,sgors9e
340,bmartindale9f@nyu.edu,$2a$04$dI/bCRWUz.SYi/HrkiZOT.vrahpvaUb3oYbRGt.TIjDt18o9wS.QC,mbraganza9f
341,ljordin9g@biglobe.ne.jp,$2a$04$K2gfhbaSlj/VOmw2IhbPH.5F.IGB83hnnalqExfVI3SPBQGL/5QoK,ifarnsworth9g
342,mbeaudry9h@lulu.com,$2a$04$XWfkoprMlLeiyDtxE1MFG..Bp6TyV4le.TSfwoa1cM8jZg9TieZqO,rbutchart9h
343,llush9i@ox.ac.uk,$2a$04$yR3SU7YKdOxVa7cuXz5aqedqt2FLA2HUVjNeubg1l/X6qHcGaH0jq,acopcutt9i
344,tpowelee9j@dot.gov,$2a$04$Gn5lVeKuUHAlfEu3flm5VeSI1VMH3kIzHInnSCOIoDlPss25MFdrq,bsutterfield9j
345,rolifard9k@behance.net,$2a$04$AB3830EGD1GaRwW2IpM/5.Ji0zIoieOVdMmwwxVUTrYGELHi8uZXW,sstair9k
346,uomalley9l@mac.com,$2a$04$sqIbW1pKl2GVdRLyvceDMuxzQu4Bi.Sn2H0W9qLJ80Pix7yTXeDq6,djakucewicz9l
347,mjohncey9m@live.com,$2a$04$ioKHA9m9GPIU//R4JJ.GA.5LMtvddZFJvPZE0SC4ogXz9jWkifHsS,dperrelle9m
348,sdedantesie9n@spotify.com,$2a$04$R3MsyjqwIo8hr48NTwPztOq5IVIyUVa3pf6UAwGN1GYA38q18EX9u,lmacdearmaid9n
349,bhilley9o@baidu.com,$2a$04$4bI1l0iQu.TauixM4o1Wo.2LwJ6eN4r1RxrsGTGO8LflrGkYOcSri,kmcgowran9o
350,bbackson9p@ucla.edu,$2a$04$VcpHHk0TARlPfw64R67Tz.S2EONYR3/cKkExlbIG/5Dsa.kEPCAN2,jitchingham9p
351,gusmar9q@nasa.gov,$2a$04$rkURFSre0vgPXVQ.Cj4z2ewX8jzb/o2Wcnb9qb.xvMx8ddoignrF.,nhalliburton9q
352,cwalklett9r@samsung.com,$2a$04$SciDI/Bcz9zKE3B9MHkYN.pIkH04qhJR.Ywh0PX3SfSRIHNHz2.7W,ccator9r
353,chumpatch9s@pinterest.com,$2a$04$wk6v6998zf2n3kz9trXmPeXs3TZRL2Fs59AgC6.zLQ6JtpoxgYrRi,cdifranceshci9s
354,screany9t@indiatimes.com,$2a$04$RctSgg14QuEZqSKtaHd5DefseBvMnRy8V0ZkOM/0spMxakK8juAiW,bharder9t
355,mhovenden9u@gov.uk,$2a$04$5.45EsW/E/frAgT0WFzIOO5XMMyaIFs/HgvhqvCvGSaTVIBtWnJX2,rsackett9u
356,waynsley9v@shop-pro.jp,$2a$04$UlBF3ukf9KK64bqX6anFteisfZ73CaxpKkPxd.W3Jpb8ktlaAfm0W,ttacon9v
357,mbearcroft9w@ezinearticles.com,$2a$04$958xmeLZY4Cj8jBu1HKWtO51ntP3vAahEc6dNgbryJVZbgKGy/jwa,uhutfield9w
358,kwerndley9x@altervista.org,$2a$04$k/bUJVANPPtuBps.7SCKQuvkJjxNF4VkLlOGyDz5dUAklqxocF52O,groiz9x
359,hborth9y@discovery.com,$2a$04$90XPCEvnH90kTlJqPKLm8OB52HEt/YYx6j5VZiqbJ.OSTyhLTk8Zi,hcleef9y
360,mmaddison9z@hatena.ne.jp,$2a$04$EnC5DVe3fqRkuybBSOhRIevzuYBROhV4KBkYyyJeQPZssp9ESPLqa,mlulham9z
361,llanegrana0@shutterfly.com,$2a$04$4nj71TLftkEMkMufX.koz.jz1SdsNn3d2x4h3plt8unFTTzP.Kyxq,omasdona0
362,jmililloa1@clickbank.net,$2a$04$JLvlhFJX6FZpCfQRB0qHreT9zKQMR7WwdbfKMSlXeoLfAiz0U56Oq,adiangeloa1
363,fmackessocka2@google.pl,$2a$04$uXGCNA226sbFOgTeu32NRuNlcqJBq7ZO2A/SIozIeX4mllzXw1I6K,wohalligana2
364,idockera3@smugmug.com,$2a$04$N60bAyfoy3VwX3wV1xh1jOXJaPmRA97qRb.by/7fOOOOpGoDqEYz2,asarlla3
365,mmcgenna4@mapquest.com,$2a$04$YUe9HNidAQRjC2Wrx9Nf/uphNbptSvgOlMCkkFHH2DgUa/LBcZs/6,achopya4
366,gdilsa5@lycos.com,$2a$04$Wf0eVI9DqhVhSPSB9fPh6utSCJjwnzIwyIM6d3mTnLrYs8cwz3YVC,btailoura5
367,tlunga6@reuters.com,$2a$04$qFu1zGkSeYcwGsIk6kRIV.ua6jYMUjFoT/1vTXcj.BZ1FL2jeincO,fwiddowesa6
368,mburnyatea7@cdc.gov,$2a$04$XJfJ.UAttoQB2JkKoNr3yOzzj2b1mK8xuDjMATXx/ixy8XNytdipC,ajahnkea7
369,rblunna8@github.io,$2a$04$Qbzo/N2KLUAKiOQisHOcHubB0.kqMdcisvk78FIXfpe9YzzxuVydm,rludgrovea8
370,mgearya9@fema.gov,$2a$04$gMWUDWh.cID1lz/IM9HL2e4sJd.9Ceyu3gTFsCOaMl6iJ6U1jOHjC,wtibbitsa9
371,tkiljanaa@merriam-webster.com,$2a$04$tm3ca/CkdYMXtlkqOCzJ7.K27ZRuv64.2jzUeImrPFHkqyH4L1I6q,aroumieraa
372,spakenhamab@bizjournals.com,$2a$04$zEosx04gehplE/rWXevvcuEWb/YZMW7l3mtK5M2xb6N//FxjcWhLS,fhenighanab
373,chamsonac@wordpress.com,$2a$04$qvxZiBG0zhe24uVE48ux4ub12wj9KQRJbnV7/FDVOMkcbGqbfiE6K,smelmothac
374,gastberyad@cam.ac.uk,$2a$04$1lE87bEJlC.3I7YsPay/kOVIE3srzUj6myVNJHdkbsit8X68ooThu,mpawellekad
375,kmandifieldae@sun.com,$2a$04$DobQd/hWJFNP00m6MZVKjeKEFetKPl3/Jc0D58TsISwKZyozVxOx.,gcurmae
376,jlittlejohnaf@youku.com,$2a$04$4f52v8Hg3SelhPPvSAfT.ubx1EUfJs7TEqOFfNAeAhtdXkIVk6wFG,eivanishchevaf
377,icoileyag@imgur.com,$2a$04$DQlQMtsRMPvi8yQxrdGYa.YRBlJKXJRpt6MZ0y9bYsEV42ZF4l8TS,aspreckleyag
378,thuxleyah@shinystat.com,$2a$04$9hTwkPJRAstbEdlbEvPdv.2Zexod5po8y5zNgtQpmX5ZNn56PLA5K,hpentonyah
379,rsvaniniai@biglobe.ne.jp,$2a$04$ADwNUamsvp52U0luiqGd../Jy5Vv4kYuEanK852iWNM4pMNs0XH1q,daubrayai
380,dgloveraj@marketwatch.com,$2a$04$oHm.YaM4ugK63up.FoEGvOxnpag40GBR6NDIEBl0tYYx2xHLZd66u,pgauchieraj
381,djaineak@zimbio.com,$2a$04$c.ao7vgJldzJSuzXe7cBC.fy/NjjVWSQwxhjoDjeTdIcKnEUSRtCi,lcaldicotak
382,rliddleal@netscape.com,$2a$04$ZbEt6P/agjXu.504V45y2ucQNnDWWatfsdpqxkNqmZg7nxMqrWrEu,mhoyteal
383,lcundeam@fc2.com,$2a$04$CYDqkEFnJS43OzlUx2BU0epVUN9i9T5DjYXc0KEpEV91kyP29PM7u,awerlockam
384,rkimmincean@berkeley.edu,$2a$04$eNYVfkEawU4b3NcXn6Lge.z3rshBcpUASZo66xHTsWWhHdJas4c6.,bandoveran
385,kcreffieldao@reuters.com,$2a$04$VBmwGqJdAUOEr3GfhXlDl.BvpTlmCYzAzQksafBM4yNqreQJRCSuG,eashfieldao
386,urosenfeldap@domainmarket.com,$2a$04$qb/CvUVHdCktoR5MtWnAW.Aeqe4QhUEu50aD30EN6YvfalSQQE4kC,rroubyap
387,aagdahlaq@artisteer.com,$2a$04$ozp./MHyCWN0DLkuMdDtIe2Q40RwmZqVqTwAqrSsmBDtajnwRe1q2,awasielaaq
388,athorowgoodar@livejournal.com,$2a$04$h9kJakGBM9wo0BW.K3Uvpus5xVU7ymKtdmPEOCjj9rJXTEsNubbj2,dburginar
389,jhaliburtonas@ed.gov,$2a$04$fsu3aLelxIKJZQ9/W0WicevXfL6D2DqjDS/K8aW8fHIN7FKXJRsVu,jblurtonas
390,sputleyat@samsung.com,$2a$04$WtCC0StGl0lM6dGFUH1b6eQ9qMu766lB6SY8kVphrl9NJhNLy0CUO,hsidgwickat
391,cvonnassauau@cpanel.net,$2a$04$G7/u93vw68CZP45tWrPDx.FGQRTGvXqfijlF0G4iBwgzT6y.VRY4K,slowreyau
392,tlawlerav@phoca.cz,$2a$04$mzYwwsD2PwplYGE1AKMkKeRPc9NO0c8pkunW1JH3NBs88NmXIgFTy,amellodeyav
393,ftimperleyaw@g.co,$2a$04$KErQ29eCF31HpEUP43hK9OmAdIYsh/LI6zIE0M7cGvSaeS/w/PqXu,bchattertonaw
394,cleydonax@bravesites.com,$2a$04$PjeZJcCGFC4.sIzcHfoprOGjGG9CaFkVPk14FoXSGuv9tVNyRSb1G,gsherrocksax
395,aseverwrightay@eepurl.com,$2a$04$XPbgoJcWhSexz6n.gXVBOO02oZGW3G.TNzlvSfhDBiX5fd7K7Oph6,ebodillay
396,eblomefieldaz@fotki.com,$2a$04$d70sZ9yqQmzn.5pjkdqOROYTSx7phwx5RNiRxO04fSRIwfVnLzlyG,msamuelsaz
397,igostlingb0@squarespace.com,$2a$04$H9buV9mqCa6EDoUfZWFQzeGVBPHXdmvMUUU3kFVQT5mwCfsDtYC3a,ukensholeb0
398,kwalklingb1@nba.com,$2a$04$kYskF0mW9hIJ/mkhzOZeM.UIjFHuLV1Ctky9z.JyWq8MqXgvdOSSi,dasherb1
399,tbessettb2@nhs.uk,$2a$04$mEsC.ygr0c6C8GZyvghywuoQF4/hRQh1mVaq7zZ7Q1jbil8bLaXWe,ebarnsonb2
400,rvalenteb3@dyndns.org,$2a$04$wBXZIrvm5JoHizkDwQRwRuzriBtu2WP78GaXKwu3cpezBgodtjmXm,yteesdaleb3
401,jmccorleyb4@hao123.com,$2a$04$AsQjn1FF9FCiztI5L70sauOyAtiTQwQQCT2kmUOjxp/xSq7BajP0W,gcazaletb4
402,ffallancheb5@bloglines.com,$2a$04$hMiBYLS2/ZdNn1GzcqPKDeIDgbYdOgDAdLMXJi60OAFhXY8xW2pv2,wridgesb5
403,cgarcesb6@google.ru,$2a$04$4b8kncLctOQ.tUliGfFix.Q6ZWodKReBPTgjI3DVRW/n5mVLg5wxG,lpassb6
404,bbellob7@seattletimes.com,$2a$04$3.Pj0vHH183hMZCQvR7.Oex5sE6..RdobQmjTsKOmK3jM.NKO.oDi,winggallb7
405,pstudholmeb8@hatena.ne.jp,$2a$04$mEtIg8b.rZXN6IZMa56AW.cwT/UpCjOswqVhoJUxb5gtMZtnO43/G,cmyhillb8
406,acrawfordb9@springer.com,$2a$04$GBz.u4pn2.52IQjPxsc6QOrPIHr1/idI/zrpyoXWl.x4Fr8iayy7m,nhallumsb9
407,wspurdleba@edublogs.org,$2a$04$zRmfxAa4FhVRjDQd4JIjf.dkTy5B/D0iVqQgEHg2fr02VEu.H97.2,edonohoeba
408,cbirbeckbb@wikimedia.org,$2a$04$MCDiB.HPYDOYMbsW2V8.WexhE1sTqIeyqabb8wq9w0OBwxePg06qK,rrossanderbb
409,eygoubc@patch.com,$2a$04$d1RhJuoNkx2OPS8RnBW7xuMGmFx3rENy4vmUHjTRlLF6sQV43DZES,lglanceybc
410,abusfieldbd@sitemeter.com,$2a$04$o4N7VroAE2dpV3nAtWZEjeLy/YGTIlxK48D8SkGt15r1cQ2SAwPki,asimmonitebd
411,srustichbe@biblegateway.com,$2a$04$TfXmGWeKVx9mBTefx7NTceFESssbUqq/9FD8Bok2Wm/RoUf9t3Voa,rmcmurdobe
412,bkeesmanbf@amazon.de,$2a$04$3UrgTUscqjBGMYZApizXZO.N5o8Hw84mRj0Ta1NSfNkyuKQqXIA9u,sguislinbf
413,adysonbg@mozilla.com,$2a$04$sp4z7YMiOBelCrvyVxFcR.srZWTj.Fbxidv/JiXZri0xfA8RaYQd.,dbraggbg
414,fgiddybh@lycos.com,$2a$04$3LAU7xH.clubNzxlyxbddOnG.2CG9Y93C4iG0qnCW79MCu2KuZ0du,oleflemingbh
415,trivelonbi@intel.com,$2a$04$/WmH1GaRFVvJupW4uWg72elHNQ3zmYBTwzVc6S1jj1TgfuPT9L9gS,lsquibebi
416,imeranbj@wsj.com,$2a$04$jfzHr/8fgyiZRWmQI4f1peKMxeK70UdZm7TsmkJe.75I6SdWSiEKS,etichelaarbj
417,kpurtonbk@businessweek.com,$2a$04$W0eFEOUqYdwowiZ1HI4SXePKdtq1P1NQ.FrfDhcp64HGQxJkHcGiG,divanusyevbk
418,bdimitriebl@sun.com,$2a$04$wGB25OeYgZZrURxZffKmBeYaubkY8Xt5NLaKTQVmKspPg3rgjJcAq,sdrescherbl
419,khowelbm@arstechnica.com,$2a$04$VI3l0bvc98RIPA.pOJK2U.JwO1DYAs8s2ZjZ0hxibGz9qdzDJ5XJO,pbrotheridgebm
420,kfaircloughbn@nydailynews.com,$2a$04$XEVbyFhqBDMDSI04je1uq.mh4c8jA3amEhylFsKzvogcW8nodyWH6,fburgebn
421,phardybo@posterous.com,$2a$04$gLSlSngbBP4l3q6myQIwoeDtXEtVYGAQy4sqvF7kiglhkBUzy.1L6,owormleightonbo
422,jbeaglesbp@nifty.com,$2a$04$pEg82KkDCLzA3nJJCoK7Yuoo77qOE1d7N2vBuqWQFdBgyZdqsAeqO,jmonellebp
423,ktomsettbq@house.gov,$2a$04$pRgFtk4ynUhXFvx..ocHC.4s6wKZU7cAMaU4oDUf8PXuGKRAnEzRO,weslerbq
424,agloybr@bloglines.com,$2a$04$7BZMrY2WqRhRQXL4UXAGTO9ijkg9OaPErmhn05hTzaCcGrgEIqbqy,mcarrabottbr
425,cconfordbs@people.com.cn,$2a$04$yvA7pZwq9VC6LcYt2WrEKe6hx0tIu5IKorOHXKO4uA83A/JLa/sP2,gupsalebs
426,lbengtssonbt@homestead.com,$2a$04$tjSFE1Vnh0lvBqsySZgHvuPL98vDqmXrqa3u6KRbA8EtcqE5uaYPK,pbloxsomebt
427,crewbottombu@jigsy.com,$2a$04$Pugs43SjvO2/h4y8HSwD8.UheH9yY6POexUkOkt9Vscbs.lwNW3eO,rstoylebu
428,kpentelobv@godaddy.com,$2a$04$d31LyZbD0yQ3NP34lx0AR./ogsfugDSwbg6bgZKRuKIQZ0UaZqIPe,bfehnerbv
429,jgeachbw@unblog.fr,$2a$04$R62dG.9O5/39DV26sh3OHuHRiXy0TbVSglkOi6dBT.mHtvCXaBB16,sexrollbw
430,oterrazzobx@dion.ne.jp,$2a$04$6/nN5G9bjXW21it6wet6sOYGwNyo6cthW9URQe3q/4CZfMdQyJoLW,atrimmebx
431,tlilesby@exblog.jp,$2a$04$8E5pykwpPQKjfvPqRwEnJeGXDI773gOeFiFD8Gvoqc1H71cuM8cy.,rrustedgeby
432,freckusbz@dion.ne.jp,$2a$04$Mhfgjg48xR2VCQ/UuMbItOeE6TFjwJVrIuL4Jsv3UlTyRYbu93z66,tcatchpolebz
433,pphilippartc0@printfriendly.com,$2a$04$MUicndrmZ9yoqnJ8KsoZBuGnrbEJCcvdOhPJfLMOvaJ6ZkkcSOuV6,lkenvinc0
434,rdiklec1@photobucket.com,$2a$04$MTe4rd6PKMQr95irsRM7ruUYefMYz78zG7MpXz.jIuxGDGu.xSOum,kcaillouc1
435,ocovielloc2@de.vu,$2a$04$N9Ja6UJukqIbxzygbc0CO.b2l41a4Q/NWuq5EQJ0XDSXd/VZxA1/6,lgayc2
436,wwolpertc3@ihg.com,$2a$04$JD/Fbvw6eD2UuXxlQgW22.D/Fn8vTXwmfwkdlK2veERzKenE/1DLu,tfozardc3
437,kshapirac4@edublogs.org,$2a$04$5D5wGHsLVe8Mzt7/.5qJ3.M4J74HFK2XLZw04.6kvJZqYC2OLdYUG,brooc4
438,blockyearc5@msu.edu,$2a$04$Q6blobOc0qWRPJNa11pqq.DSzUrziNbF9YkXOFn39OEY4qvfL0LQu,gswindellsc5
439,rradcliffec6@scribd.com,$2a$04$hAUakXxvoZzrsPyBCgGIiOMQ6PZuU1oDb51wng1yTLUA/3LpRlGmq,akittoc6
440,amcclenanc7@timesonline.co.uk,$2a$04$1zBm3IlPnRhXqTDeZEocW.lx3F9SAj.rnxuGUhKPAuv.T7bGCDdq6,alettingtonc7
441,smetcalfec8@columbia.edu,$2a$04$Lk2wb6Wbo6Zwnt4ByECeUefuO0ny4sdnnwaro46O/foRGG/R0UXMW,fdodswellc8
442,mbrookesc9@upenn.edu,$2a$04$bWEDq2i3vknkpDuhQ39wleP254GI7y5.at0TpSQOGy3BPJ6hU4C9G,ftousonc9
443,jkuhndelca@over-blog.com,$2a$04$sErZIjWT86cEYstZ1TZLleW3W7Vm0xBbyN/GVzhkpYEL4jU2RQe96,smoroca
444,dmaddiecb@indiegogo.com,$2a$04$NFDSFcCHlfmCRax0At0Z4OcidUoklgZKzPfDZhTmjTv/.Uet0iWtW,sabellacb
445,ajohnseecc@technorati.com,$2a$04$g8XG.JCmdb6EdkG0VBAaK.h1zKloyIIETWsaG0zd342AGvNp9yhGm,sharteleycc
446,jmarkeycd@bravesites.com,$2a$04$nI99IEBfcWDbf0slGRYZb.z9t9wgqG/gkf4Ry8q2WpClOwSIDaS5K,ojordoncd
447,xgreenfieldce@a8.net,$2a$04$KVOUxPBaAUNEe4uRkp/UsuTYc.A.cApvm1twRqGPSx5LIdwDqtA02,wprottce
448,lsicelycf@java.com,$2a$04$OBMMZohgyDhzL8HHYCelaOKx7b246i2a7AFgoVQmWDw2sVlm0QGsG,vhinrichsencf
449,smcanecg@seattletimes.com,$2a$04$Z7qMoZJ2h9Lg9pmtB5LN/eD4m6rvs5tkmHIkr8La/yBYFmNlTYDOK,jogarmencg
450,edoonech@cam.ac.uk,$2a$04$/N.duq3ISJyRbn6/MgcGmuf73U87pp7qsP7lh9aEAyUau3XBMqLd2,wdavsleych
451,adurantci@foxnews.com,$2a$04$WA/ZGoZ/R10PIqmVolqWHuB1.hYhFUfQbvn/XoHIkIWCEQmfxME0y,zwallingci
452,jclunancj@theglobeandmail.com,$2a$04$q.u9W2B3x/WcLDT.Y3wtmeDKlBKKNio9J5i.7ByJRzikaKYk3ud7y,alightowlerscj
453,sberminghamck@paypal.com,$2a$04$cnEh0sPuLMPnogMmtkztnO.SL01Ed3RXSJFS/UrCM/b..181ijLUm,hproudlockck
454,akaascl@virginia.edu,$2a$04$UuQlTXgXHczrN1m4qCdIbeM3MOQw9jPtOIQeCKuCcgWQ3uoR1aC4O,mduddellcl
455,cmalatalantcm@1688.com,$2a$04$22I7DucCCnehiNMZUXdw4.of5FGWIFl9O0DtvQaR87E9C4MKOIwby,sconaboycm
456,mairdscn@amazon.co.uk,$2a$04$TBXEcVstMc68TZulPkfNTOSsfgIjDLaQ2GqhE.I5wI/hpc6ZO1I7W,fsuartcn
457,rpetrinaco@hubpages.com,$2a$04$wMJuxtaawXytJDwnHqnh8evat4Upo9s5LgkT76.EZfIz27Na0yeg6,rdunnawayco
458,sdavittcp@uol.com.br,$2a$04$vjUNJ/TGrn8OBIQdWbvUoefVLkz/hkOmbxYHpT5pX4nC8okCepMsi,lpulstercp
459,bgundrycq@google.ru,$2a$04$jleO08U0DURZlvQlFrVz2O8XlIeD92T28DqcfHB3qz5/QXp258Mg6,mmackriellcq
460,etamlettcr@topsy.com,$2a$04$uoiUKeOsBG/lC/m0JfhvLe58hPbVPipzjT786Wp2rjIe51PL733ve,bpanchincr
461,tboardmancs@ucsd.edu,$2a$04$BawZeTBJvnr9IPD/LpXQae5gy3axirIHuX1nD3OKl./yR69Uxwerq,ntadgellcs
462,mohoolahanct@goodreads.com,$2a$04$rWs7wjB4fryYIbibFUTBZ.W4b2YDoFq8sS/4eMPQ4FgPzm.gqVVma,fstivect
463,maismancu@newyorker.com,$2a$04$22I3I9U/db5hEbIVaIYCJeVOX8WZ0xLGjlbY1AM/rjmbnmB1ObWae,cmcfadzeancu
464,jambergercv@wordpress.org,$2a$04$Mtp0N5RdsbtzZZa.L7VoWekalP0zWDFqaCRd6DETXPK2d8rzrAVI2,lgirodincv
465,kmackaycw@businesswire.com,$2a$04$VfQM6/ITmnaVm7ErzTjdSOPr9Zw3woTcCzn3xPXSPnrhYiJVyQpui,wstrippelcw
466,ejoannidicx@seattletimes.com,$2a$04$SI/WUekHsqfv.DmTYEvVfudsj2K3zA.vR2rV7Da1TbKKkHWMJhXgi,kpickeringcx
467,lgarnercy@nydailynews.com,$2a$04$B0PfViv57IMZ6EsDxo9XMeooAVmwcEpUUX97uBPkRCDdvjZz3QD7W,ocamilicy
468,tcarsecz@wikispaces.com,$2a$04$klUzK/ET3axnBEPPhkNGp.Sy4dfw6PSb9nAJrh5tmdC4yzTaVMv.q,uchillingworthcz
469,horigand0@51.la,$2a$04$fNwORwZSTkbcKu7jmA6esuHnMTIytX.KYOzDV45pKJMjKD8yyWMFa,ccroisdalld0
470,ccroneend1@ca.gov,$2a$04$MdP6SrDT1KvGwdJzabNhm.P6xt.X/0V5wL8pIENsWUpx.D2RE4m5q,snelld1
471,dwrintmored2@java.com,$2a$04$GC1lnjHn34wlm8DWxT7t7.0BDzdK5D3y1nZjg8IgMYbczsRKhfus.,rmccoughand2
472,coddboyd3@biglobe.ne.jp,$2a$04$/qu1H5X/jSgM0WzJSnd2ne54LximGGn5KARrBFvmDVdVuM3oEg9N2,alukashd3
473,acoultond4@fastcompany.com,$2a$04$bInHPyHgNH7f3WySJPxK1.fJ2y/.BVZHvwwzQ5O1/Bk9wpzptEm5W,pdudgeond4
474,cbrameldd5@myspace.com,$2a$04$H3x8F/H0CEVr.8zVgFKhj.Z.6R9i03WXmPgqShiEL7h9o1p9PoQoO,zmcilvennyd5
475,ledmundd6@indiatimes.com,$2a$04$OVFqpgb3Z.6VANznrr3cd.2SAq9R8ZNb9u2uftEoZvSoVvTSVumGi,cchaytord6
476,scoand7@com.com,$2a$04$8W/TAxILADI4IOKPUgvKMOh90tQ3vxVOdn2NEMx5eEfQET/ZwF7h.,rdowreyd7
477,kmaunderd8@exblog.jp,$2a$04$zTD.cLTdUiFL4UKTyLrdW.VGS4oQQdLCcSUJODExxhbSvXF8GyC3i,beyamd8
478,abedingfieldd9@cnbc.com,$2a$04$FHjohIxkmf7YDEPRloiQPOgDSr3pFGpYOikPcZAUehTn.253Jaxiy,lsimonoud9
479,ghubachda@i2i.jp,$2a$04$qBiWU0Y6IN8lGzdzqrXBMua7QWHBUEuRgO5kyfkikCP4XfJ5Rd.Mq,dhannondda
480,mizondb@angelfire.com,$2a$04$kqceQKP.0x1kTHyvUK.YL.ATfhu7.L9Tw.edCj91.ADSn.g1cvdhu,kjosephsendb
481,ylochdc@bloomberg.com,$2a$04$QAqkga53LT4VS0x5Bf3Wv.48g92GFcCHbgts2Qkcrvcd5rjDjk1om,acousinsdc
482,sbeneydd@boston.com,$2a$04$o784lh8CRUEPxlcNMpl9XO/7wUiS92SDIrEpk.TpStTpS8AP0HgNm,kfleetdd
483,csowersbyde@nasa.gov,$2a$04$jVcePk1CusXFIaEwid8pSOwgREcdOpxO3Il0RiZS/Rh0cbekUOr0K,efurmedgede
484,cheliandf@blogspot.com,$2a$04$sWB1nNzlc5sgAXQOOK8ZDO1RcLylTHveqnnWKz4ysWjGGfSmCLP22,scawdelldf
485,dmarflittdg@hp.com,$2a$04$tgEBofFoKpqobQ1IrxDrhO/razmIlIFk26HYMyHEqCAnIj8Ajt/lq,schopindg
486,kgherardinidh@unc.edu,$2a$04$1LGAQOZ/HmzLCu7Ncjj7budhnnvd9GNa2evNdNQukkyKDS1MNBo46,dtennewelldh
487,labbittdi@a8.net,$2a$04$DZ/lsTjTaBYyQ8PhnK0cN.knl0AWGI3y1A726DHDJ1/CI6u5wsV/q,agiacobodi
488,aberzondj@storify.com,$2a$04$C/vloi5wtulUBauTNtgRsuLnZ6BURvJ7FxnTdV9g8pNU0G6DrzYWa,aharrigandj
489,cgrentdk@shinystat.com,$2a$04$WjraDB1gP1YoIedo8pXB8.BBIchvJXlJsrns1fenLvVaRIpLG89Qi,wsillimandk
490,dcombendl@rakuten.co.jp,$2a$04$VgrwMIRNuYzblvdVOYj56.BRc4SZbSD.H1JLUFgs1xgzvvGSnDCQu,fbielbydl
491,agleetondm@house.gov,$2a$04$ZDzwEJXftXnudjFDEDp07u0SXEO.cmjcUwnXps9jdLHJssYbKuhe2,jnataliedm
492,eflowerdn@lycos.com,$2a$04$tAoOZY7cKmZl4TJ0NyXEr..F88R/eMyxerw8NkHPMhGKCeVRavjvi,jcirlosdn
493,mgyurkodo@cisco.com,$2a$04$bxxocMP5C.MU1TapqUKAEe22muCFSMrwEjHyl5Zp5X8MMFuxs87My,mreando
494,gstollhoferdp@unc.edu,$2a$04$7AYbnzh1HF6xrr9vqvcb2.p6W9YhS5gQVmfe9B2Z0tZcm.Ktxn.ES,ryakobowitchdp
495,bcamidgedq@moonfruit.com,$2a$04$KXYiDkUijSEzAgP8gXWPlO.MB1H3uxir9hmvRJkSGgafduK1LCFWm,lpellamonutendq
496,alivesleydr@weibo.com,$2a$04$VNDU4KnwX9QLmkl8EXsRLOkHoMHLjFRkXsJ1wBgE4hXYsS9cRQldS,hfrancesdr
497,wgeanyds@sun.com,$2a$04$b5znDKsFLdiQ/7AHns7VGuoKZCQl1JbjavrBbmv1z52XnJczaeIw6,idumigands
498,rvonhindenburgdt@latimes.com,$2a$04$7zWRtliBVjA/iwemumfdJeiV91ridrROW2VSAma2/Pij3O7fQaRE.,kagerskowdt
499,lpodsdu@yellowbook.com,$2a$04$vmZhFBGwA8MG7dg61E1HOOUgKWT9wUeXXlHjYKGHSs8wpOE5f9FeK,aderricodu
500,ahartmandv@edublogs.org,$2a$04$e.OaMYm9iUKFvWcaOcCA9ekgD1pQjE6RB/a.qFsUa96bpbjUSUXAi,rfawthorpedv
501,vpettyferdw@cisco.com,$2a$04$NzCBwOrKaoY8PLGb8Xx5s.6SaKalCtDEH/XhLEZoYKuAa5ij2pOqC,ldebenhamdw
502,blyndedx@aboutads.info,$2a$04$XKBwLtJnwLM.3vv.zFrXj.5/1Pw6/1uuFi1s3J06y98mrSh1.9pDO,pbloxsumdx
503,yquadriody@cbc.ca,$2a$04$TqBGRhXwAqcQmmDLYhfBWuBNI5MWckApLGHttODKXUEfUrpqxde1C,hhissiedy
504,ggudahydz@soundcloud.com,$2a$04$p.GdojRrcW1VZhhZGQm4xe2Zkor/pe.ka0LHE6ghqwQXw66RvAyEW,iprangledz
505,mhulke0@photobucket.com,$2a$04$iKJ9t3ggApmZOXALiNG2ZOAlgA2e0.T/74oroCwKAzr18jzm4nGmK,bartheye0
506,ryerborne1@homestead.com,$2a$04$2vIMvsYY0rfORRPRQ8DIb.zmjCi36W2LG8u5A5hmk9pRMyFQvPUCG,aclothere1
507,gbiasiolie2@smugmug.com,$2a$04$H8mL4oRcOn2B075hYcVTSeXHS2eKL2MrZdXX2SDTOikCI37atZr4i,zmuirheade2
508,esywelle3@wordpress.org,$2a$04$sFIHs4NNFdt1v01PDgB2COx/D9vqZnilr8cVQuSk8dJSz285YCAZm,mheddene3
509,dmagoverne4@apple.com,$2a$04$8Ygf1E3tGSDEmYJB1GShce2OQ2FxSxiyLKCiYVktEDRError5TTRC,fmclaughlane4
510,vwooddissee5@gov.uk,$2a$04$t3DlJfOwUz.mxyvvGc5Guepo65JOcYDg08uneKKU4wylTh6zPU/ty,droberdse5
511,bcawthorne6@cmu.edu,$2a$04$ACJY.sz10pOaC7PIiZTnNORuegkrEbRiToFDu7tkf7JAouYFX/zJW,rmoulsdalle6
512,rmintere7@icq.com,$2a$04$lBofCX1TXi0KH01HXyy1Ge9i8iIIXhMPHhLpgs5ImNrlNWQ9fQwCC,tviante7
513,mgallere8@samsung.com,$2a$04$erQfrXj99VeOeP/Z2k4Z4On4WP/qhUgKHbiQCwuSZlmnczMM6.CB2,kverilloe8
514,cspeachleye9@devhub.com,$2a$04$foeQKxoG4U6y.TV/76w2gOnHSfMaWxhZQHCksVk7xn4LXjNt5UYFO,pelcocke9
515,iwoodyattea@typepad.com,$2a$04$5L0xuBsh9yMhKenRyi1A0.Jjs8.Qsv/XseEE.3O4Cf28EjINXIWh6,aletixierea
516,dgraingereb@latimes.com,$2a$04$lUCn0KoROquyrjBKNpRWOOqCScRJ8HX8TAIsbLWXzxSUO9z3SWQFe,blariveeb
517,fdymockec@webnode.com,$2a$04$Z/VLyX5aPgMWr.FP6l2yNe9HfS3hJeLHf18lKEprpOOf0pzzflkKS,fmurfordec
518,tgwilymed@istockphoto.com,$2a$04$bH0vtKie9.QYUP6YSqe8UeH5FywcRvmHeuFcnHpLpJuIGVNNPH8fa,alindermanned
519,uhelleree@about.com,$2a$04$nTyx9PVsxN/FMtIk1IzdL.cMrZUO2VYODnXsH2ytZqPfxXFD8BsZe,pwapplingtonee
520,kdinsaleef@php.net,$2a$04$c4FcZIF7DHBBQiakhCiIsutvQovAUV1yIUUFNEIUWt7dp.yUkC1I2,seisoldef
521,kbarrabealeeg@mayoclinic.com,$2a$04$DQI25v3RfqqEOaBx8Vk6iuSudWljjtnjViKB0kffTFZ.lLmMuW5x6,rrungeeg
522,skeninghameh@dyndns.org,$2a$04$rM8jxvmv/9Gz4q/NAGQDx.JtWMLNduvp/z.47hJL5dlRjM7MC1rA.,pbarteleh
523,mmarriageei@archive.org,$2a$04$xbsUIXTFNnjjGyYpIk6c2epqyEdephZFZLZq2rziTtKTTr0pxHl7W,gklimushevei
524,gteresiej@princeton.edu,$2a$04$oDBmHXpbn4mDstWVhK5NEOW02s9noZUXO4vch4xVL8mvhv1bXIQii,ariedelej
525,rbenchek@printfriendly.com,$2a$04$eGpuFyWfIcgcg.cfl7jSo.gocg70dgz5lys.aeY4rXM0pCgJUeUui,mlonieek
526,bbhatiael@topsy.com,$2a$04$U3XjW9MiXK4J/YFMa4T7NeO2tB5/kKpB4YePHe16L9Xaf2pL3/8du,podowneel
527,ecastagnetoem@soup.io,$2a$04$4Cyfj8ESi9.YDOoDgKwR1etXqzsAhgCH4piUvheUQa/JoloqmeOaa,hjerminem
528,bpriddieen@tamu.edu,$2a$04$SDza/b2ifnbDH.VDp6W0jOD3zP8GM1yIoWuFI84vk7afBny1hPAhi,mtourneen
529,omcorkileo@tuttocitta.it,$2a$04$QZoPww5flLvreSX20sRMbuKXB46DWSLIqvE6uCW4JI708Wsf5h0oG,rpeceyeo
530,cloughmanep@edublogs.org,$2a$04$miJ36tO5zlvDenvWDe4NvOv08A.BhEVD9KBCAZpKkLaU2pf8M/u3.,kcovelyep
531,kolandereq@examiner.com,$2a$04$t/y5U/vC4aizQsLyOI3YCOuQVZYy3k4xIqU55UllpJWGyKgp4XL3e,slowneseq
532,galvyer@discuz.net,$2a$04$GSX7GRE0NUzInNxtBBjAsuX0RDR5xJSRqhQcfkSYmrWnAV0QeAR1q,sclixbyer
533,rborzonies@cbslocal.com,$2a$04$/YjrPLLJOMp7DfvfLLemv.vk8TizagZceoJp.bQQVGpeY.bWZxwn6,jgangees
534,csilverthorneet@51.la,$2a$04$uXSqQq61JKaAzVG/hm/tiOl9ZMSgUzhugXd4VagcjWZle2E87Y3S6,lhandlinget
535,rbellocheu@purevolume.com,$2a$04$jhgSiGuZyZR6wvK3FdT8aeYpbq7W8XgsMFyg/dwOXHydP0jJT0kmK,kcleatoneu
536,opeplawev@sun.com,$2a$04$CcsIrK6Y8aVpl6grJk3zX.l6yqUfA/ZpyqAq7y2h3WwPEbzLBQD4e,dcrenshawev
537,dhazelhurstew@seattletimes.com,$2a$04$i4AL/SEHoYL6s2.9z.hrm.rs23Ia5HACKu0IfVXB21D/JHlONP.eW,vhamlyew
538,kvairowex@google.cn,$2a$04$KstcGjAbXmh/8WxZ2/eDtOhnvE.m.Zr//sI0OBXiEwV8eJCXY/DjC,ukohrsex
539,sandreney@amazon.co.uk,$2a$04$nwdHuSC.RR6e6BpCXWAf/uUwz95NUDqYPnFagEKJ2S2iw0WX66rs.,kbrunningey
540,bscardez@sbwire.com,$2a$04$go2Yuwlgdtw/KhfZUhj.4OkQ/DPjq1DI8AS4NcMHE/1x61iHk55qu,alanferez
541,gsommersettf0@home.pl,$2a$04$P3kCPBWDIz8ve1j9oV54FOAXeF72S9zsA7tfglz8o3uveQiRa3TW.,leitterf0
542,eatkinsonf1@washington.edu,$2a$04$x5bNm0IlfC40nvOIpZ8S8O8wAajcQ5S39ERttjSvQNAYXVle7bkTy,krathbonef1
543,dbursnollf2@seesaa.net,$2a$04$fu/723pHb3FX6ec./hBg7.4h47aO1L2wgTECBZSXRPGvTxajQ/Y5G,fmarkef2
544,aburgessf3@answers.com,$2a$04$FhyggJ6UXmN9msE701m/E.nXYs5HeWNq5kHzIznCv4.116CJRyX7K,isatef3
545,qgonzalof4@zdnet.com,$2a$04$jaR0OCw6em/Jf7SLf3a42.4JBG9fCwGuoZHyYMw0Zgf.leJ6vIxae,pmacgowingf4
546,mkenrackf5@alexa.com,$2a$04$dblLxThn3I12/3dMXolWLuDxo/haDHwkD8qiRn8jfAt6/5vqzATni,hpfeffelf5
547,rdottridgef6@de.vu,$2a$04$8qAXie0Nce/YTpT29qILhOlm0TpgPNuPXyTFTZfeFxJJ0xav7Zc0q,gmcalpinf6
548,yviveashf7@kickstarter.com,$2a$04$t9mJbFuWoyu5DEDBSKKqo.fI4MhnWHMznTDYoKW3akrB9TC6pjcaO,vfriesf7
549,bshillf8@virginia.edu,$2a$04$acL1sqpwtLMdhujRLSuG7uZy6zlimuFj6rE.T.7tmFv2TTNh1pCgq,njerokf8
550,dlabordaf9@wix.com,$2a$04$H2E4dTvuOs8x2sdunGtas.sEvKrQmMfhCa.LHR92LBrqlXQ7ahAbO,bcoenraetsf9
551,tcussfa@w3.org,$2a$04$4w5ZKHXZNqtgum.NAXTQu.3hbHSsfrIHEbkrMgIgyIj43VE/VzcBS,alanglaisfa
552,pgabbitusfb@irs.gov,$2a$04$Ahpyg6bAkBbSY/JgiwcfJ.Uand68f0wpQ.CNmFtfITydYLothmhd6,cryleyfb
553,aseppeyfc@webnode.com,$2a$04$Hd1y/.tFL7BTTIoATzh2AOvlVlluU815wEseDAAtsYPSKr5YBPd3C,cdaousefc
554,llaverenzfd@mashable.com,$2a$04$RnxWOws7VgPem9lfTOqgKO.aY35MxN0pH94Wtjdy/U9Phh.Aj21j.,cmartefd
555,lelmesfe@mit.edu,$2a$04$8Hzg/3VGLLGFO1TrBKZhk.e/YESYSBk5dRXRoqYIX1paMAJLOuHli,gwittierfe
556,jdunnionff@apple.com,$2a$04$eOsRLYms/R0.9akHOJ30buXm2l.HUQ9bUe3/I2tUkzb3P7LDAU2nK,jauselloff
557,rdollardfg@t-online.de,$2a$04$L/vt8ORUjSALJ6qoO93ux.4qMKZig9CwN8Sj78fll32bTBmvaVfg6,rjeacockfg
558,lvalentifh@miitbeian.gov.cn,$2a$04$aCl9nYICgYtErZv8uyvgMOx3WbONZxTfRNpA/4vTBVM2qjkiOPbyK,cfoggartyfh
559,ahebdenfi@jalbum.net,$2a$04$dhenIUvZTtPRgvda.jp0kOSoGX1nVUPA.AuTSblzcCnUKVoXqJiYy,pbaglinfi
560,hkaresfj@sbwire.com,$2a$04$mBFqB7TmnGfczJkFUM7kruKAqeWMdIXDPqhKICWV9a66CXRqTMZvC,dbertholinfj
561,gburlefk@woothemes.com,$2a$04$xqVlnrPOFljktURnA.6xfuJtDLihdtWiCVK7AeR4p/w4wLSWVAZ7O,sgaydenfk
562,sdearmanfl@timesonline.co.uk,$2a$04$9X.daw0TtxRS.6PUYAlhu.difiosl6opQ9XyZIZ1DFDL/tD0gbuB6,ghakenfl
563,ydiglefm@forbes.com,$2a$04$/lRk0sBXgy28Ij5SJaMKWu91PgQCiXrXRk7WkEfX3nBk2zygFmko6,jmclagganfm
564,kibertfn@nbcnews.com,$2a$04$I9SYtPrPIWlf50CEifOBQO7buPa.QHsN9hzsL46nQc.E.k4G8c3I2,pstathersfn
565,kcontifo@phoca.cz,$2a$04$f17zBudLFPY26kVf7t3hF.03LhiWWgUI1i9KAoKEOXijyk/wgJIeq,cpriorfo
566,dhemberfp@nymag.com,$2a$04$JEd3pISL6ChPOyMu4TZ8O.U.d0uUxJPiy89nVMm76t4ck8xRDpOpW,aorryfp
567,cmassiefq@springer.com,$2a$04$l7Wh6CDVvGTyQR.r/Vv75e0Xq0aXFCoje1TnYdDjJOiU6L9tTqyrK,bmcowisfq
568,locriganfr@ocn.ne.jp,$2a$04$Wnt5jZDjzA8Uyp0cC7KP6eYXDmDmDEZ8UvtoYIZKFYWSzURAIYdl6,etoveyfr
569,hducarmefs@shutterfly.com,$2a$04$Q3tfQfizq9QZJ/YSEB8zgOZfjczTbWf7QxgxWblGjv3PUo9kySs9.,achalkefs
570,nheenanft@shutterfly.com,$2a$04$T6nNX8DMULjWClKhC9mzD.zdm4HYMhbmRxzuuEnqXhRdHdF8ug3Eq,oelloitft
571,jfillinghamfu@mozilla.org,$2a$04$/2n4XGAxw0LqhpLKr1u7AOOywY6qpCZqy9rrqAt1w4vKoYJ86LP5G,mfutterfu
572,dpoultonfv@uol.com.br,$2a$04$kvoc1w0qLtcpRn0M/fVeUuxMEjLuCQ0yTlDl3p5PPJXQ5J8mmFL9i,mfawkesfv
573,etowlefw@ning.com,$2a$04$Fmri2jrXwQ/NRvJJTioS3u77fl5VlzQF/dcHtfaDVo2RKyvh2Lviy,acraykefw
574,scaswellfx@ehow.com,$2a$04$bEzn6l//qCwtRufvp9P39.RSnSVbOioDC9I7/tv9AEyN4kZP/I9o.,pvernallfx
575,iveitchfy@netscape.com,$2a$04$GYyh.ooYVpMBB45QXUKwDuobTh7DnkRp.adDmEIssUnT124Wd944S,vspincksfy
576,tglasperfz@edublogs.org,$2a$04$rfJF6NuovRd1s/0.VoJby.U64/g3gUqyp5MGq11mSwfhLhQ7Zn77S,sbretonfz
577,kliddingtong0@google.com.hk,$2a$04$14U5mSe.z4l8A2sKcco.AuBWCPw5tBJ0Yx0g0MbxXQ1cxSpg4rd1C,gdurieg0
578,acammishg1@uol.com.br,$2a$04$646PyCc0XqX24mHG7F./E.FJ4Pu/nkZkmuuVvIvb7TlOZ2cnkLcWW,cstenerg1
579,hbleythingg2@purevolume.com,$2a$04$SgBLSVIaLmiGEU4vWnfUGu7IIWwuWYVTesY7BqBOMZmsEYDP8u6HO,mmattiaccig2
580,bbienvenug3@unesco.org,$2a$04$d95vrc2UaKdP2WhJzpjOdekrEn2RB3E9wyCSeOcWDC0rYYYfHqBZ2,hbansteadg3
581,jsuggeyg4@friendfeed.com,$2a$04$2gDB4yM9kVDCrdWY846W7e34dBzBgYbwV9IVuEHLnIE1GWe4a4qOO,fotteridgeg4
582,pbertheg5@newyorker.com,$2a$04$2ReabwOy6OAnpbciqcxqZ.vR4jurkCirFpMIjTs3Qd9OLfelrYVuK,rbucktroutg5
583,hnichollg6@woothemes.com,$2a$04$ToNUaihSqXhtypTtcpgkGOO8GSQuiSIrH/kjbHCZ7a/KtYvxMieee,xweetchg6
584,dnoddleg7@yellowbook.com,$2a$04$JpurWwHg06gcEpLawMd16uDE5WSN7eKVnLyXCKGH36/ZaD.ypHZoC,imcgairlg7
585,ctuffg8@smh.com.au,$2a$04$UHrVoTcYfoydVUYFFqOTHu6XMKUG706rMvMUbi7HqF8bN8Km4oWqi,mbenzieg8
586,prentalllg9@people.com.cn,$2a$04$CS6RzM7pNiwrA2.IcFrbYubDVyh3TXx2pjn9SqgkyAlhEw7etDtXi,ppollendineg9
587,cfeiferga@bandcamp.com,$2a$04$HX5xFLjktiGGxryR4/xD4.OTnPcj3S3MfeGaabrr4Z89ygfqznAmq,lfiennesga
588,fklaggegb@people.com.cn,$2a$04$Xz8LuVZKVoMnjoc7q22FIeMYbuYziiykSsG8WFkNgpBfvIgzTDpOu,thacardgb
589,whulbertgc@independent.co.uk,$2a$04$GQ5q7OjQneCfs7r8wOkYdOcR69PsXTiKOxkGzLb64pEk7q7AuoNgK,emargerisongc
590,wwestgd@cam.ac.uk,$2a$04$Hv5Gv4vYLy8ReFKOMqdxr.BxQS5DB5gnCE3pxGDKNmmpBH1NqgEU2,tscasegd
591,wbagnoldge@ocn.ne.jp,$2a$04$jeAJp5Xm3c9YIwWJjAQ6/uzelT3okzkWHlJP99P9Og2h0OKqeqk.q,atyrege
592,gelbournegf@google.cn,$2a$04$p1o9rlnygN1DNEoDheCZVu/IRlOSq0eZDsNd27mFslffMiB/FO.5S,kdumbellowgf
593,ccadgegg@google.it,$2a$04$Zoz3Yn6VOyYiO6.5c8lLdeG6edOZp/1t3tCSjgNjrweREajac2cCW,tlermitgg
594,hdollgh@psu.edu,$2a$04$sZK8HfMzNytW/iuLmRRSKOgVxkCdpXWYioQHbB5CJB3oJh92Ug276,apalphramandgh
595,ssignegi@hexun.com,$2a$04$fYcJehJ1wdjBU4TPR2H7n.TG2AMM3C0Nvug9o9ScZxI2HN3tcuhya,hparagreengi
596,jmerrickgj@amazon.co.jp,$2a$04$wJzYzd.B4cxPIWGoB1ngc.m7ZqkFzmJnPEEr9aUAzHb2eykLwig/2,rbottermangj
597,kbartoschgk@thetimes.co.uk,$2a$04$./HfgqiFRt6BUKyZ3ST3a.P7GqkLmDD9yd/Sl8d48eU1Aj.lxvd1a,glindellgk
598,challfordgl@ifeng.com,$2a$04$KdFnFnx/iN/SDXyrez/S1.y87bgIIOUrHzsLf6Xluxi6FFD0LJUWS,lsimesgl
599,rclewlowgm@state.tx.us,$2a$04$U1gdaEbUGX0DRn8PHdxHT.qIXoVRQgnvIZO/9jdgwKOeSevxYWKoS,nsteeregm
600,gperfilign@sun.com,$2a$04$NY27YYCbHpJIsaH.nF4Tg.Pmql/06QMgyvlsJhj17GhAg5A93t3Bu,hceresagn
601,brabbgo@ameblo.jp,$2a$04$DcmX4kLD/Xk5/lxI7BCMQOAbRQbxWPO8RxXVq6QNqJlPcQ1WRsjm.,psilbertgo
602,lcarnockgp@rakuten.co.jp,$2a$04$nB2leHaK0CBHU8eMwS1jOO8aL3DVJXw0f6zTNpQalcJv24Gy3gLOm,astockleygp
603,ttyhurstgq@google.co.jp,$2a$04$.4.0rOaH1UWUjlBkvG1zf.Cc/zm9c4GrZU824MOl/B.adtIWQwZxu,mblaisgq
604,mflegggr@google.com.au,$2a$04$KmQXMiuXgpB9nMmqVSW6He3TAkxjn7Xu2BQSGGkfwMxuPrLD.X7dy,rgoodlattgr
605,gvlachgs@weather.com,$2a$04$kAsJXQIkk1YZDELaTFvhLOJaWYwuNUmx88I47PB.Bd7PuHt5/rtNy,mvanezisgs
606,alandrieugt@ebay.com,$2a$04$17/9M.f.VFsEuikTGId8Wes5oiBu/sZ/EbQI6H55BZhXLRAhccId2,sweetchgt
607,kthrippgu@squidoo.com,$2a$04$OSAPREGgBgZuzX738jNiM.0TIQSQJWM6arEoTDBWC9Ku9nyZRUP42,alettsgu
608,tantonoyevgv@mashable.com,$2a$04$Bs9MHsxY8KLaVvw2rzB7q.ZlID3s9NLFvoxRFQ2YZ.kgAQQ2HYDzm,fbohlensgv
609,rblampiedgw@163.com,$2a$04$g7KehMTi0T4mzCqofCpIj.0u5HnIJFDrOUlmnVECVGmNW4vIZyG4C,qkittlesgw
610,drollinsgx@ucla.edu,$2a$04$opWD7O5dmwMD088vlxxgD.Enyx9WSXqZmohLx7sAS.ZtZL20TUR4G,glangcastergx
611,dswappgy@skyrock.com,$2a$04$BHyDIcbOR2.3oflvdBqAQe517pSsf1132YWIF2V/KqMKdSx7eFmQK,mtollgy
612,cmerigeaugz@163.com,$2a$04$MjJ1y7rEXNUli5621kw.VelPzSTA4CC5Ap45n6e5B70q7H1RkC8iy,odivinagz
613,ebisleyh0@vistaprint.com,$2a$04$VM3SHvuZfFETZQtkv3XEv.Z38cikjx9oAGtowC4.n466Af2M1idg2,ngleetonh0
614,dkleimth1@soup.io,$2a$04$cjCFJJ18JJbjxHuucWVcGOBXvAPB5J/CNt9RYjpM6jBE9fJfioTRC,brollesh1
615,mbuckthoughth2@vk.com,$2a$04$A2vketwlVLCtvao9iDsaQOiqLOEk4hMHrO5folEvYh81lN0O7X3de,cbucklerh2
616,bpedlowh3@sourceforge.net,$2a$04$IiEh6nZZGd9EjdNKywVmlOWlGnk0hooZzyF0NUTaZu.ctHkw8tThi,sslingerh3
617,ffindonh4@vk.com,$2a$04$9CpaimgDXA/7VCtXY5T6pecyj0mNVm3uB9QBy1cB682YkI3TiEP82,ssantacroleh4
618,bsennh5@gmpg.org,$2a$04$SfA7bMAqsEn9cBCWqYYI5OYBQAOqNkqIhZr4BxFj2dPTj1JPMXePm,hscreenh5
619,ddowneyh6@cargocollective.com,$2a$04$Aoe0qgUk8e7gYP/DtFxh8.9rf19nQ0gBViux7Kdrjl176LGyEylMK,gsqueersh6
620,jchastagnierh7@lulu.com,$2a$04$5iaOzN/tdpIl9lwhrC3HFuCwth9IcHDOIDC3QwZcWzhTy4WIjEndG,hforsardh7
621,hcorkelh8@cbc.ca,$2a$04$Mf7joyHfAy6scSVWlFDJu..qUJ.9Wa2A2mIbrznAug3jTusEZAAQ2,jjantzenh8
622,ahoobanh9@1688.com,$2a$04$X7P3JP/mn5cvbn9t9.Fnpe83EPrwLhVf4eeB28dZzdefayBvH9dO6,rcholtonh9
623,hclimieha@intel.com,$2a$04$7UJQg4xTt25pE7Ndoz0LpO3N4Rr6H27adLaxEVJMIqR6KJxUgIwGy,wrundleha
624,mgummowhb@nbcnews.com,$2a$04$bVHLzell8di01Etop/RW2e0bibnl9pi5NevyDNMDEKHlz0YoU3fW2,wshinehb
625,bbodycombehc@howstuffworks.com,$2a$04$Inhxr3ohlV2PKhhuEZ9Ex.cuRhR1QhSNCEM4ii2pVQpZeKB4C8Gxe,storrisihc
626,mimisonhd@4shared.com,$2a$04$.xLry.rVqktIHdFPUwnjaeu0GOBQkojhGrJ9g/Dyk./TsFwnlWnCG,kmackimmiehd
627,aparzizekhe@oaic.gov.au,$2a$04$3U/2ORobmNn2si6/E7WdQusaUAakdkkvhGmJ7QQh.4WP7TOK3SHHu,cbrosekehe
628,lhartopphf@free.fr,$2a$04$GwmFS6RT6FiYkAIamjFBEeGrwgYH6fNSyIlVARk0ho3CvM0XBgRd6,bjurcahf
629,ssimondsonhg@skype.com,$2a$04$R3FqNln2XhxDPiyZGFygD.9btyMaXOCfrdoHobi94U9txADcpZ7qO,vpettyhg
630,cfiddimanhh@telegraph.co.uk,$2a$04$ep0xSRtCBQprQRu.zRx4S.jDExiSSio9MYnXWDWOn9ba0L3CIO.Ta,rvassarhh
631,remmothi@indiatimes.com,$2a$04$6GM6p2VWA29M1C0f.E.DIOCpDDj0kNavYvKsPHal1APKR/I4eSv/G,crudkinhi
632,dhordlehj@mlb.com,$2a$04$uYRKxIC/ORB2gR5/g4fbXuXmlgzoMhUx1flAelAQkLnHCbEbYUboG,clorkinhj
633,hfoxonhk@narod.ru,$2a$04$tV3RLgVhFemzauk2jRwFQ.Qumk9d4NYmFJ4LsW.EeU5tawxqcpmUK,gbenkohk
634,ahuothl@aboutads.info,$2a$04$Ee88Gcwl48yzHtS2BNFRh.lRh6UV8cme0QT8UAMuKCMS.dV4r9j0S,abarleyhl
635,foveryhm@diigo.com,$2a$04$J7llT.lyKPL/xjRMtdySN.xWFpOBTyLxHtI8z5Hi93LQ2EOATFjsG,awhaymanhm
636,tmenzieshn@gravatar.com,$2a$04$oDLVCB4mm8YVk37fXNPnbuViua/mC2o.uxmmZ9MS8jWw31qBJiCAa,mwestcotthn
637,bhastlerho@aol.com,$2a$04$rKuDMxFbuXwrFYOayVtccuBy5UgAot/1vHtG89KQFdudf7M4fqoxC,eerangyho
638,rpacherhp@toplist.cz,$2a$04$9kRPPzJlIeCO07q/q9qhZ.0sSeuTCqHDP16V4sUePfXFMJpkwkcsq,zdiangelohp
639,egheorghehq@usda.gov,$2a$04$boxmpwJgBKr1zuIwmvQNCu6weq7Y/0WbCVbJ/exj/a.kFIm1Yv6aC,eleehq
640,lburgoinehr@wikispaces.com,$2a$04$RM1lXZbUES1ZxAZar.HwcelNLxeWLTmNHu8s6ZGuCDSOcK9/h4IBq,kodonnellyhr
641,myesinovhs@usda.gov,$2a$04$C6acLGjhaQ2yh4Mt9BRCjeI35y4bXhTqgaOlT0Fld7okTepDNKn.q,rbartoshs
642,esparkwellht@hp.com,$2a$04$8pAZv3FKwl4YHex.1rZjruOn919YtRJpEXYxlyrGNVV1sPLouIJ0.,tleideckerht
643,pstuckehu@ezinearticles.com,$2a$04$HLFx1okYB03MY4I0yulmSOZ4RGTiTbZIIT.aNJ1PXTn7s3mZ4IVBy,tmcgeaneyhu
644,smcgaugheyhv@ask.com,$2a$04$IfFBIuJE4uXK/vNebCjbLOCKifoFHIVygctwv.MJwrLgxGfFJ7Lsa,dclaussenhv
645,cbakehw@sina.com.cn,$2a$04$OySDsF5tsx88JfM21co5bum3zlRA3vAEg7gazFM2b/ZDvmk4siq8i,pjoannethw
646,zivanuschkahx@boston.com,$2a$04$CELLQMJTX24AKm9hsOA7H.SoGxAF9u2FY45Mh2tUJKoqBHUPJevnS,vnunnshx
647,bvannucciniihy@jugem.jp,$2a$04$32idXziQ5vGDJcSA7TR7Q./qx7rUH1m1jzu4FcrozhxtNGYun/ZPO,rbomanhy
648,jkharchinskihz@usnews.com,$2a$04$tQt57t3H2R/FuMtN55dIzOslmL7M1m4K146.ZjthJuc0.jS.kj9MW,cslyhz
649,spawlowiczi0@smh.com.au,$2a$04$A4wa1VHK8IbyUq40cUtLnuSJ7cyVSTOqx4wKcbqxvtAqx5ieSz7Ky,lanthonai0
650,fgeffcocki1@topsy.com,$2a$04$nAVeUOhFqoowGiiZc1vlkevmPz0pAbx3MdjdOTrkczY62GHmZdzk2,tbosnelli1
651,aeminsoni2@nationalgeographic.com,$2a$04$sAO2wxv0MrFbFfLpD/EwFeAglr/H3rd.cIeOy2f9pF0GFf7y4bufm,litzaksoni2
652,mfrimani3@columbia.edu,$2a$04$92rqrpE1OneQdoLQgafCE.xFH8vcq18OuMkZcPfKY3ZOgs9UWi6JK,wmuncasteri3
653,fwaddicori4@usnews.com,$2a$04$C8QUqOLuq9fWKAU/lA/TZObeVMORJ8HBSfYPU1rwckBoHRPJx60di,edolligoni4
654,sockendoni5@tuttocitta.it,$2a$04$qnURkYV8cjTaXrLE1wri/ew20O2e70IeJO6KELRsDfZXZEaZuWnd.,lworvelli5
655,zespadasi6@intel.com,$2a$04$TMDDVt0KtYLqm7i0wdV4ge/QbhcD4lnepsXdpOWW5J6b3oEG09SdO,pbuffhami6
656,rmacfaelli7@woothemes.com,$2a$04$M4hUsuchnqigpu6deX0boel9xM8YurKFsdVtGtyPI/yLJW394.Cuq,gmacalesteri7
657,aandrejsi8@jimdo.com,$2a$04$dRp74Lnr2BPRzyl5jatTL.GJ649CmtBlL5W9byE10ltft3mAekux6,mkeasyi8
658,egarrowi9@wp.com,$2a$04$mr9F0ap1JlIkyUFpW/E5aOCs98olo393aIQi5G5zFqVJL6VEBWOgq,maizikovi9
659,agiacobilloia@marketwatch.com,$2a$04$rIANvBwiAMuKhdxgm1tU6uHe7VahMD2.DFmK7fTscQGNybX.BabZS,bcortinia
660,msimonazziib@example.com,$2a$04$h.5fPph7oSBUZOdUiw0NvuT9iQBOy9wk5KhvXT8bfLXLj7KrffPLG,ssaltmanib
661,lhuwsic@prweb.com,$2a$04$3O0QXSeGwbBAFsFH2rufQuoLPEFdLbiDxp93HnCNDYkPvxqVJO5mO,csyrattic
662,mpinnickid@newsvine.com,$2a$04$98Hq6NWHtGM4pyu.xQKqf.9DFEUm56hopOJ96lPoLYzdcapwsXfZi,dvalentettiid
663,dhuygheie@i2i.jp,$2a$04$U8v2Zm5NQAekT0KbRs7kd.QkLlAxJ/c14qJDkCsQrd6e4jwEcYvJy,aacostaie
664,jaronif@geocities.jp,$2a$04$zON9T.XIFmHYwVOVHsXI0.sIpzfpnoVzuk4LV9deTFwr6t2Lxq.4e,mcazereauif
665,gsothamig@lulu.com,$2a$04$onhjwFhQ1x/Nd30h5et80.gbhZneFaOslpg2Kt7kMJDQkZRIXasMS,ndulanyig
666,pconradsenih@scribd.com,$2a$04$g34ryhkOrQvaLDUiigb3Ju6AZHgwzhwBw05Lu4vu3/lSBTDEvt2ym,lclethroih
667,hhiddersleyii@chron.com,$2a$04$nGZKHh2.MxA5Ma7dNzur.OD/7NZGF/AbKhFOK967peMR1UoBWXAQq,lselveyii
668,abenoistij@angelfire.com,$2a$04$vY.gkp7urMbYMBVBiUwPtOdFohaCCZXKPl2qGaFOzMI3j54vTMdfe,cgoszij
669,wsimnettik@sourceforge.net,$2a$04$y.AeAwRzn6Y77szfjFyt/Oj49GrqtpOdmv7ekNupYFKRGZev7hpJ2,lmeredythik
670,gmilkehamil@mtv.com,$2a$04$gICc3BQzBtett9C/np/TlunL3iyvNERCxHSDjGy8XzOOy04Xr9/x.,wlockyearil
671,aproswellim@csmonitor.com,$2a$04$pg/HyU3gMeN3AZMGWYXjt.vlSc0p/4haBJxnxO6Rz4GzUkpOd82e6,rganeim
672,astartonin@youtu.be,$2a$04$Wo.Rh9AdSCegZDJ.UyIlOekeRvwkGwfuSD5vVMOwqTdkPXG0bCTsK,gnaismithin
673,crockeyio@marriott.com,$2a$04$omRYGqRWe6zBWbFkEchutObDi4PZcMKdjpjlFsEmLsSK5vC7LUlVK,hgreatbachio
674,aarmorip@alexa.com,$2a$04$oR8p3Sbj/0brj.6WlOsaN.mRCGOGsh1jLYMjBJ.1hTjoV8HSPNwyq,pelsmorip
675,adesantisiq@narod.ru,$2a$04$uEiec0G1RpZoEDaE7Ln3i.7NZGK.l/3XHtGfI6SFLgjtoK7r0JVTO,rkingmaniq
676,rbraveir@admin.ch,$2a$04$2pXAOW/NTDn85CI2rAzp7eJxFT1CEhrrwn5M82bAoFm981MXr/HaS,lfolliottir
677,vposselis@buzzfeed.com,$2a$04$XlBkG1NIm/TRoSJ9sgVE4ereLGn0z0JvU4Dhh2iCs3LhrN7O9hFJq,pleinthallis
678,bfellowesit@opera.com,$2a$04$Urr6vQb11ErkCeo9zROJNO9fSN9ZxAxLmGeqopKSLNc3dHpmTIlRW,nbagenalit
679,cbennettsiu@europa.eu,$2a$04$/btAdWQeiwXipQhJeJS9CujEHfPMMq1h8694skPKYlC42WaQuMbqy,jlindblomiu
680,kdonaghieiv@smh.com.au,$2a$04$ZF7dn8wgSRmsL78eT8JA4eW9N7jC4wHA2pMfFmxUoawE1PH3LXcQi,jwickiv
681,gteveloviw@irs.gov,$2a$04$ELvZmOXVuPU.VAO6lNS0VenZtmqA/e09mbtoTABLLL04QN1n3FUGi,atoppasiw
682,lquerrardix@google.com.au,$2a$04$qWL8I4N.MhipSvP9XUxfMOGV1olvQFJFlgr5ajmPv7bpUmmRnTDDa,mhoolaghanix
683,rpellamontiy@ucoz.ru,$2a$04$YH9kPwJuJstDNrA82oXNceMbjasDoBX32.8/EhI633zwGqL4NFsVS,dpasleyiy
684,cbritziusiz@tripadvisor.com,$2a$04$Ise0ZrtY.7SLFlL930KCz.0BBk12siiFC88GYwRd.OudmwHBWRpSK,roswelliz
685,oliffej0@si.edu,$2a$04$efE5SLvWbwPhTOUtnjS1oehrjJQrG/kEKGZqk8NA6AJSjF3Yb9sbC,nrecherj0
686,sbullentj1@bbc.co.uk,$2a$04$7T/yC6ukzp2QKpjsgmTaROlTmhLTlN6CjhMNyuhsEMCXmis570INe,vlowj1
687,bchalkej2@ted.com,$2a$04$JO2WI2Tyn3Gfi2BUfWbY7.x06ZS12vxrT8gzh3O/i/EzH5ah8wnru,mdrancej2
688,kdaidj3@shareasale.com,$2a$04$c9mcjvmjM.w/WKiv4cC0XOeF8Boz7CezKQyE7NeeD3XMqQUtgqd0a,gsatchj3
689,ccrowj4@webs.com,$2a$04$FvsOYRE0fb7YI4FVLKhSFOdGcC.ij32H./i3bNHDX4tMpwjJ.yQay,ebonnesenj4
690,wrummingj5@slate.com,$2a$04$Ls9Y8nfPCpAS/4SJg7/mLuHDd5kfro2WPjbHyBgITG9BhZPXqkDvi,bstorryj5
691,aferenczyj6@wikimedia.org,$2a$04$d8H9.YRmL24m66dZWINMBura49wFHS.N9Wu8TAGpOLYMhLXQLXZ/i,edirobertoj6
692,rfurmedgej7@jalbum.net,$2a$04$ZZmJOskQ/kP0vC02JajcceXuFfllkfDSKpcxzfgvs.xPJ7uZrwyJ6,plebangj7
693,rknowlmanj8@nsw.gov.au,$2a$04$mW7K54JKUoBIeHFRNotlQOU3huVO.IYy0/0MAMBvnMaISWafboplG,bshrievesj8
694,ewreathj9@weebly.com,$2a$04$nC/kODp3B5bMG.cFGuTqBefKt5obh1ZcG/emktpJxhFfyiNvEffsq,mcrundenj9
695,mbrickhamja@stumbleupon.com,$2a$04$ji5hEuFibMlI35NCo5Jv1eGUCUg2eXw6impyzYBGO1w8omUrrlVPS,asomertonja
696,aomalleyjb@sohu.com,$2a$04$Ks30TPg8SFyNjcZGtrHEX.866HXAgaUxvBL3UD/cNbYIH.d328veK,smcgarveyjb
697,cabisettijc@usa.gov,$2a$04$c5O/wAyuPUn1WWGUUcTCEuCemIbOcPifX71NE4x81XHzRLllDIrdi,cforemanjc
698,lglaisnerjd@purevolume.com,$2a$04$HBdYz0iJJ9HApocsRQZdPOV9qRmon/jxUINrdSYf31krfCRSZp4Ai,jvaulkhardjd
699,dskellyje@ebay.com,$2a$04$8oSsfY3gpyz4AMACsU6DxODfiQxIkFc/WiDL2Er1J0TNMBEAOS2E6,cbeerntje
700,adunlapjf@newyorker.com,$2a$04$Z9b0Gmbeuq1V3lRVM5WYx.XAFc8qWqELpMpr7Lcd1YtWNOY0rbrcu,splaschkejf
701,kgarratjg@list-manage.com,$2a$04$WqrMYCewrGnUAsRq0ASzOO.hh98zT6Kbe8J0MWLeoKON5u.yHe/7G,gmctavyjg
702,alestrangejh@nhs.uk,$2a$04$09Y7r2Rv1bGP6KVnrsxuAOYavQafDWkHHhQzGk.PJSAl3aLOtlZbS,bkadwalliderjh
703,adreppji@noaa.gov,$2a$04$QIle1hJArSCDNWFStK.s/.pPBPcKhK8q4WpdLYYGWcO0Ddb0k0.rG,llaightji
704,nwisniewskijj@cmu.edu,$2a$04$AjIqbtF/l0EGXnHwwyFjAu2FKf1iwWcJq/iXEFbFhFnpSnH25iAxC,kzimajj
705,plongegajk@stanford.edu,$2a$04$6qalL7Qu2pnfReUycNckF.4w9F5Z4HmnUws8UF0M92Qja.tBOn5G.,mhowgegojk
706,bhulsonjl@blogspot.com,$2a$04$5KTSyGGRa14hr4G/F7kdkurp3Cw6C/2X0vfjYjW66liAXiUNpsPcq,mfrancescozzijl
707,ndenkeljm@about.me,$2a$04$Kq0VN7BLECUXydX8TO30bOuRa8khO1k9ueEWVzBOFEpKWnfEU0URO,jhulljm
708,lduseyjn@washingtonpost.com,$2a$04$Yn8bLNFqjJsk1iMUIKdYh.fOJeStbo3fkbfNnAz4aR1TLkP.A8XYi,wchelsomjn
709,pflowersjo@twitpic.com,$2a$04$6vtm8vAvl2VH/KCjsHu6LONMAVBXth/d74.UmdH8vv.CDAZRQsqKO,clambrookjo
710,tcritchardjp@noaa.gov,$2a$04$lB2z6GGYlp0VCZV2zi2ZauPdmFsdAjoWUnRuxgWf6HSB4Eac/AisK,madawayjp
711,msutliffjq@quantcast.com,$2a$04$z2CMd5YgoH4IWoM8YOIsNOB.PjbLBDwI5knGJapWVA2Cwvs8V5/.a,agunninghamjq
712,jmcalesterjr@wp.com,$2a$04$AK1RYs2JWBgTocx5qK3hOeVEhDAxrwN9qolB9asAZsDdhubHSfK0m,llonglandjr
713,bwinfredjs@cbsnews.com,$2a$04$Bc4/roLeu4K3EwVWvVKES.dpoWaoSeNbOstOkOMZzFOijLpiH/gkK,rspinkjs
714,ggallojt@nbcnews.com,$2a$04$KWsj6x.tZZ2QrZG4f6c6Fu3/yF7sWTeoSKZ4WFjXPEkeWIE1jALqO,rlacasajt
715,jsloegraveju@google.co.uk,$2a$04$Z2JnzWxcgx0eWOd6eOTE8.rVUjROLcNxWMTGGA8BYxCwPmZAegWI.,dfrancescju
716,rwitherbedjv@msn.com,$2a$04$id1TJoeaEpVPsgI4F.t/.OIzDG39EoThG7GyUBK3H6BW9.lsdMC8i,tleefejv
717,bbarringerjw@hatena.ne.jp,$2a$04$hjjS75oCE3TdrASxukRWeOpfrrSY..yN9Pc4uOOfdNMmI8rfcOI1S,amcfeatejw
718,smaaszejx@prweb.com,$2a$04$OdcDcKaXmFdI07goomOkoeySwmpAOAOZ4O5tDF6tzwgHcVdp30Dy2,snarramorjx
719,amohunjy@tmall.com,$2a$04$yLixzKo/vNBsSchEM3ge4uxoYcefnMW3vWzb2GwEK59gZE7GqkSmS,jdigiacomettinojy
720,cdemattiajz@altervista.org,$2a$04$bgU8QF42RTt74zzDBNVx1.KWijpU3MuIFjirJ8LpWhm.LGuEzVD1y,dmayerjz
721,gkubickak0@pcworld.com,$2a$04$5GVaoTIYY7uHID2vzz4AtONidf.6fTZ3Hot17RbviBYMRAUwcwJKa,ibellworthyk0
722,dmeelandk1@mail.ru,$2a$04$C9/h4YU98HstoRZh9C.DyupAem90ryrWAFGGTvfObdYhbRrwRot.e,jbusselk1
723,hmckernank2@drupal.org,$2a$04$D5FEsrE2niOngtq3MQkejeFouL1JyY5RbfsaijYSwKiVmiFBd/7IC,adadleyk2
724,omaccik3@scribd.com,$2a$04$CKKYLgQGdb/pS/9GIbQ8u.2UeRKLTSpKw0AGePjyS3sfYpSnI/7MC,emaneylawsk3
725,atorfink4@blog.com,$2a$04$c5rKwU9c39mJWcbwNg/0Luq3KDSVCDrEtHvwMeXSPinkikn/UzOFW,dmckirtonk4
726,wmurtaghk5@issuu.com,$2a$04$tSp8SAiksEYyp//HsoVEvuobp4SpRY/1q5xfT0eNassPJKzqDCgPa,cdyhousek5
727,flaminmank6@berkeley.edu,$2a$04$W6eZZTmyI9Sqd1.mK3BtD.E40XP8hQulUoVjM2obXk90Uk5ibRgx2,wdcruzek6
728,kguislerk7@microsoft.com,$2a$04$b1M4bK02BKu.ByjhLiZcTeQD9OtIuIrV1m21cE/EeiQT2xMLS09eK,zgrafhamk7
729,nredfearnk8@cafepress.com,$2a$04$QJWqugLX0ZMxuUK2OMs8iOU.Q5tNf7yab9J7UAGCqKB7E1nqqQ7sC,lwhordleyk8
730,cariask9@dion.ne.jp,$2a$04$Ci9QFAXybLdVmY.ZjTys8u9YwlwYqBx29CV0/A12APdRaWL74KA5S,gobertk9
731,rjosiahka@washingtonpost.com,$2a$04$quWMg23zjL5p4tIPDDr4Yu3aHOjdYMjHx/z3aGTkpmIxbPW6D1HgO,cioselevichka
732,nhaversonkb@cbsnews.com,$2a$04$Lis3hsSIUvWaCD7HGpTVUO93.kCmYbE00mUqn37urj6jlRSZyhTQS,wsuattkb
733,afyrthkc@eepurl.com,$2a$04$kWAWRlr/HMGQu2An/NNS8.xkF.oZVzAT8chxnAbc9/GIowGVvCwJe,rtabarykc
734,vfreerkd@hc360.com,$2a$04$pc2tdcu.Rg8lHDUbfMe2XOUvp.HlW8bTuOTlCqCOZUnMb1dfS5JS.,patwelkd
735,revennettke@istockphoto.com,$2a$04$y5GU4OSuII6w0c2.ro1cCOh7UwvZ0mTApnyjikWxVWbnknqUfrvzG,crihosekke
736,sdalescokf@tinyurl.com,$2a$04$CH3bVL.1UcmuHpeSYDaYY.qtgXme2y1UXIPMMxN2.uh12.qq/.ehS,holligankf
737,preysonkg@google.ru,$2a$04$Wjs9fCfVUsHq498UfunKq.J82WvFlEsVY4N3GN5IbZ5ItFyV.Y0lG,cbillsberrykg
738,nhawksleykh@jalbum.net,$2a$04$.q3Kyg3NZttU488pdpcjI.EwPvBzcy3jS76vyVQlA/96hqo6RnbJq,ldawsonkh
739,mbrahamki@google.co.jp,$2a$04$zS91lzO69ime1vNqecE1/ePzVlEVYIRZa942VO.zXuG71jo6.FSx2,athrasherki
740,rvauxkj@parallels.com,$2a$04$CyUm2cm8fwYh32bNiAT/wuT9lKmW1z7.YyCNRpL25.q6KQPfcv//2,sprattonkj
741,samthorkk@ning.com,$2a$04$LYqGEB7IPpjs4quYWCtpI.FiEHujnFKA0tuyV7tA5Wq29iHZ1MbFC,fsharrardkk
742,sharmerkl@rediff.com,$2a$04$X1rEO5UMIi597V9IKUYwmOcOBoDv.Us4TewgshxuV84Q19RH27I6m,ldocketkl
743,mdewfallkm@howstuffworks.com,$2a$04$ytbvV8VmM3Bmyx7p905xC.3m1N6zQiusiZO51aKGu5.zDO5pOKjlm,gfowlskm
744,mhastonkn@ning.com,$2a$04$KcT/A/m9xoYAU23H./IjL.ETvZJvt1To5rPAHN7rZDC2USqTOOVLm,ochastankn
745,nwilbyko@independent.co.uk,$2a$04$eJfIPrpEQQvlvle95KM3uOP/MSjhT9..xur8/VhGzQOogo8pWnUfC,mschildko
746,bkettlekp@newyorker.com,$2a$04$xx0BmISrTYNXdrDrSbN6xecndDdi228MGlBcF0MJKvyv5HjFwTWii,cmicklewiczkp
747,podeekq@scientificamerican.com,$2a$04$TGbu5CTRsiPzPmaMm3f4kuuPJRZ3B7UepgOAoOjg8B/HTx8MUarnC,jsingskq
748,lstorrarkr@webs.com,$2a$04$W9UrOqUt6dw24zAFAC0Y9e11T3xwh.3I.rIo8aM0B1YFbZBkfGbma,mripponkr
749,ddavyks@boston.com,$2a$04$6C7IwW/BnQQ2UfPXwD/RNuR8oVwd4WagU82W34tpjEKKHff5HAdnu,gguillardks
750,adolohuntykt@constantcontact.com,$2a$04$EBFp61NCcfmCECKwChQ/l.pI9epFfVPjvBDuZ9zgwYwGXEThAZEgi,jdwanekt
751,fskipseyku@woothemes.com,$2a$04$XJTCXRHKlCeZ7ReTWvE3je0EFjR5.4grV25EJFS/h2mfcZsedO6b2,mfoardku
752,nmanshawkv@examiner.com,$2a$04$NDQL2vjOSrWes3Dg/TJeY.Qi1T2rYxe99a97OLxoyzc2Xix52R8L.,lsporekv
753,clottkw@answers.com,$2a$04$58Z/q8h8YLU/aPhwEbbV/OqOkhTOPihmO2YfTyf4NlkpS8LbF3pNi,mlerouxkw
754,jcatterickkx@multiply.com,$2a$04$HlZ6Gp2GGsoQFWUWzw1R8uYpiFCvoL.5r8I8swQ8i1mDWRWVeMFDm,pcuttingskx
755,bgraybealky@gmpg.org,$2a$04$NjY6FBwn6NwnZHLNvoWpne3JzWkNK/ZclgdRABCKwHG8nBS/I/9YO,wspenslyky
756,pmyallkz@fotki.com,$2a$04$vP8Uwj3T1sGe6xg2z/Mc7eUquW2hMr1Jnu4DN6hpHxtbZuWsaa52K,bainsliekz
757,kconnikiel0@livejournal.com,$2a$04$QyJ.bBnY9RRRs7vCMl6pXO56Cm2z2TVOy1b1RurJ99O6yn8MV9dSC,econtil0
758,cpipworthl1@youtu.be,$2a$04$smt1E773xceyrwzzKFObNeG9tFySMEvZihA/RXLRHMKIJZcJqqZQy,apolinl1
759,dmckainl2@cnet.com,$2a$04$v9I5JInqRNMQZFuiBqBw4ekmJO4/gv0ai/FMfIjA3C0ojh2TGWitC,gfarranl2
760,fvaillantl3@woothemes.com,$2a$04$yI1kgm/qKSp5tEQELYnoxOs17QG/mK9Q2ulo.c1xCNlPCvZ2IzYGW,kgollandl3
761,tdarracottl4@blinklist.com,$2a$04$ZeaTYmFr10FfyJdxO2HHge1p7x3R0RbglEG.H2JxRHmoVxDx.eSE6,arollinsonl4
762,rkieranl5@usnews.com,$2a$04$5RXb0OEE4zrisaVZaFqkKeFpLgS7ZA81edfEajAuvL46DyNYy8yyu,gthurstancel5
763,tkleinerl6@theglobeandmail.com,$2a$04$RVbIpxaEulIaRA2G3zLo7OQJsWTR/umzJ2Zbsr70hlE/2WYVsBJcG,ywenderothl6
764,rjigginsl7@jigsy.com,$2a$04$cQ5EkZ7wezAqYN0tZvWKNuFfvUPRgQ6Kz6vccpsPdhMhU1NgVlNVm,khallwoodl7
765,acolleranl8@a8.net,$2a$04$e9MzShIhOYVvMsaFbLAHUORE4QoZIykDJMZzNVzJi6JnPQg5.ND1a,ddinkinl8
766,aarnil9@ucsd.edu,$2a$04$J7WX4PSIIP8kaw9VcTSbkO.oOLSlVW.XdsImLcA1LUjYsSjxTMX6S,tcrosoerl9
767,dbrecknellla@vk.com,$2a$04$05ZWDi4BvZF1O/CenhuqzeeWDm831S2Dm2AlKGAklfLIRBUetrw..,tspringla
768,ndulsonlb@nps.gov,$2a$04$J2D4lA1v74phxHS7I1gaxOo/eFhPLK2PGFBWZm9cF50lddiHnQdUK,myearbylb
769,bfallslc@webnode.com,$2a$04$W7F3xg44inH9dQ840xIRKOMQxcatvkH5LzOA3hgdjzuoRC8ltiEae,gpurlelc
770,jwillicottld@usatoday.com,$2a$04$XqSSpjLXNCBSC7qW9MzZfO3FopR0Rm2PjogZKr/6myn2J6djdGNT.,jdegenhardtld
771,ctrittonle@cyberchimps.com,$2a$04$09MzU5V8nQr5EZy3RcIZ4.9HpVnxicJBhAES4y0WCsjF8igF0IXfS,cpetrashovle
772,rvaheylf@google.ru,$2a$04$pDyAXVMTM08phpwQVLE17uO6gmkTSZlyd68VhMiBlGgqxVySTmj66,bcheaterlf
773,ldisleylg@hud.gov,$2a$04$p4k9At/XB1kJMZMi5IREz.LeNujb0cpWmDnp.5nkEaqs1YPiZ1RKa,rdigbylg
774,aannandlh@goo.gl,$2a$04$.zb/teiMUCb7utuhozTDwOhx.WvZcevMyCXxdXpZTrrLVQXuv94Sy,mjaqueminetlh
775,aklugmanli@wordpress.com,$2a$04$dM9Hnouku/OkbI29.2t08.dqfZEJy7KIkd.c3qnK91lXS5P48I6Fq,dcaveauli
776,acinnamondlj@seesaa.net,$2a$04$3u73AX8rUvPiICCH/5rpI.qlskznl82cCW4LfB0uuwyAHgUHnOt4q,nolenchenkolj
777,dewerslk@ibm.com,$2a$04$dsNOYxRjcsoT1nGcXDmDmukODGsX0oU9ZRIxFUk30M2I4uG96gbsO,dlongstreethlk
778,treynaultll@wsj.com,$2a$04$8PlbHtATpm97yUuVZfP.NeMTM0tAJMaXk50/nGVJr13OsmfgOXiua,nduffittll
779,djanaceklm@skyrock.com,$2a$04$rgUpmk/38Qhuj.i5ijpHOeqB4QTnm5.YXWRWgyUgNDK.gnKM.WQXu,gmarqyeslm
780,okemwalln@princeton.edu,$2a$04$8DGYzcsiEDNYLzesfG2Ko.yvaiQGOVRdTYMA0AsoRe7D2tB0A3.ya,jportsmouthln
781,iheephylo@reverbnation.com,$2a$04$wzlQNemAGQCKwuxR.OmYWOP07U4e0rNgLY7Sa74tZ.3S3bWzyEgEe,gskenelo
782,gbeisleylp@telegraph.co.uk,$2a$04$sNocZ/F.UNLKzODxQlIqIu/jYJMKBTdSFIDEDTpXKJv0rb1uAbbLC,asorsbielp
783,gbirdfieldlq@home.pl,$2a$04$igxT/dzPSkB.hfBsuDr4TuLXk1d9W9WtLq2E5X.0UC/Z1y9vM0ct2,bbasfordlq
784,mhachardlr@ft.com,$2a$04$WBeqdAkK4av/yY3R6UnC0.ld9LRBzEphFtmr0skbsAQp5Yc9/JKyy,cpurcelllr
785,hedgettls@deviantart.com,$2a$04$9lTRulghGZ8P6iDaPj4IvOmC5iT2tOfojQvanFUgKkBIX.G87bLAG,tkettridgels
786,jvaleriolt@ameblo.jp,$2a$04$rKLp3tA0t/gKe8Y4aZQ5Fueq9vws/0KyWizZjEF9IMI/Q3HWO2HxO,ehaversumlt
787,pkolushevlu@exblog.jp,$2a$04$sgpj2anVEVkzbZq8MBNJ6upoLlbo8U/fCG3uOFzj1DUFBPSeRJ/Dy,ttugmanlu
788,eclinganlv@dyndns.org,$2a$04$gguG0L7RXiOulA7ARvfL.OPRPY7GSSEhXZfPL5yh2DiMKcIVV..qa,tdufferlv
789,rmacguffielw@biblegateway.com,$2a$04$H8OnM52uwyg5Bn0cOil1/OeomCHrMJa4hCTFxh4ficAjWv48Ejxfe,ddrinkalelw
790,abacherlx@hc360.com,$2a$04$wwwAKP6TTrnShHwpWyD39.A8PVf6/DXLAp72tUtQY9bIgd4tCiSsS,adillestonelx
791,dodarely@un.org,$2a$04$PrclAqjfaeoEcScF2C4/LeEd522dG0wkzE9/2/Q5UKN9xfYauoRNq,ywigginly
792,ttrewmanlz@elegantthemes.com,$2a$04$GD9VIZnKwVqzh7qMQ5hQnunrfVIttqtIKazucyKyh8ijqHWwXkof.,rlantelz
793,ctoughm0@techcrunch.com,$2a$04$JhCJZvLlJgA364kcbvhin.p7n0PjIYQcQH1ab2eflURjmctUTClVO,phinkensm0
794,mlowtenm1@homestead.com,$2a$04$/4l0qap6AePzTO4cPdJOm.KJWN5Y0KmOGbK6qQrPSSmRoXddADVAK,dmccullym1
795,lgoodenm2@squidoo.com,$2a$04$g5cp4o5GrgbvGbUGL0comeXv3d7u6b8RktgK9MJ6MMpHEZ6sdif2.,tbriamom2
796,mkenefickm3@ft.com,$2a$04$qsdWV.YaCFsX2iYG/hhAVOZo3g1/iGfShFL8fhkcyo.LjfvHM//GC,ablighm3
797,acellonim4@hc360.com,$2a$04$Ew47q4ut9tL3p5Y/X5BZ/uyFOVR/y/a185BXLn9AFCqRGLLJGlW.6,cnemchinovm4
798,bmatchellm5@wisc.edu,$2a$04$RGammDUZwe.UW.m0snRyAuaBrIxQ24NLoxtXZxcesRZwRvR0.5dnG,sspadonim5
799,amichelinm6@goodreads.com,$2a$04$rEDqebDiY60xpcbWeOJw1.7Z7ztVmVrWI4BfyGuIaGOW/5X8VQy8K,kmccollumm6
800,tsicham7@usnews.com,$2a$04$CkGD0VO0mUwId48t9Fh5z.Is3Sf4ZsM6Xll3a.nj2.SkZmNsqjuJe,tlobellm7
801,rlaxtonnem8@guardian.co.uk,$2a$04$eYeFW2Zpxgc4G095WkjwTuMjmOqwVwmIGhdBcokD8gCbsSgO6Rlja,jhulcoopm8
802,cwolfindalem9@sun.com,$2a$04$AAnWuXy4P.nI6.yyF9cWgeqnfeubIKwKztXT11BIbTSpaNrwxxKiG,agyfordm9
803,bweightmanma@archive.org,$2a$04$sXz6/79gmM8uhpyAF1gg8OGc8gp0xLcyvj6imS63Ui7OypEQ3oxe6,olouisetma
804,pcrasfordmb@bizjournals.com,$2a$04$pFTuL8LC0ciO0D3avlVBK.zKu3zfcF1BLbS8xw/zY.aSTgTD2gUSG,dtraylenmb
805,dpassmanmc@un.org,$2a$04$NLb4qsEgrQxVK3cwekiLCO15g36OqBuRVXE/D3BpkjLQwZeAyYPMi,kleiskmc
806,atarrantmd@state.gov,$2a$04$HctCZTJzeU1vxV8gvU.ifewIPTwzfEOiUWm.IuMgqV80OwcZDvm3e,laitkenmd
807,jbarstowkme@ehow.com,$2a$04$.to6AIrfLJ2OY/.lL3jcOOscxr0DsRSflQZpQR6n6GFl.A0nsLwjm,rchurchlowme
808,urappsmf@themeforest.net,$2a$04$.7BS/y1EYjZrJOz.iYbN.eGuQnv2e1Jebm/kelmiBQVTqRY4zyHWC,lbremenmf
809,aandermg@github.com,$2a$04$/w1MQnApYhNtbh2dWCmiieEhsl2z/5/iPJgmTHlwwLfZKOEHJ1KOm,enaceymg
810,vmedcraftmh@ebay.com,$2a$04$awMMOuloxRuD2vRThF9Bc.3KLg6HVnRzHwOye7d9vLnbaVdDfO9ES,edoelmh
811,bigglesdenmi@amazonaws.com,$2a$04$aZ47OAoud8nb0Tng/HM.IO59MFCVE7nzfq6/ZqRJvd7QTIqUFjOxi,pgeerdtsmi
812,mcorsormj@wufoo.com,$2a$04$rZm5o5TjTl.E.cCTpttqU.UzfivGGOCqaJ8.fy13b4qyRz0o6pRBG,ajoseffmj
813,cellinghammk@woothemes.com,$2a$04$Rayro4/MUtzSMRIhvabUXe9bnVd1Bi22PdhVCijD1n7MA7/RZeyAe,lbarentsmk
814,hmorantml@gov.uk,$2a$04$XzSjIbhCBKg/u.5d9f6H2evRJX5YZD6/9zCEeiWd/NON9rp60Uz9y,fmengoml
815,asmoughtonmm@amazon.co.uk,$2a$04$daaokEP5d8zt8DrxmXklh.kaTqjxCxzgyV3hx3EqHAeirLSZZxazu,ploghanmm
816,mumanmn@t.co,$2a$04$8GlfZZyzHQaaMhklQZsqcuCIF7H39/c3KSpzaDNWAWoJKaVaKwpT6,owitherbymn
817,rchumleymo@bigcartel.com,$2a$04$A3JTitSvBzNoCWYM.OENMOmwWCe5nFy/ti1K2Ba.LmCvGXd/Go4hO,csangermo
818,hwhallmp@51.la,$2a$04$e9oK/j/CMWNd/w8thc0mluU4psrK9s8IxuWfiRuD1IWD37qgDm1fK,ebockingmp
819,rriseboroughmq@twitter.com,$2a$04$o.x6hxkm9gxdsfWoNOehB.mS3JChytwSfYmtElqGZFL947N6LBsEa,rizacmq
820,ryureninmr@tiny.cc,$2a$04$yq69FATezdPjk1ULBOZjuejSnKFnIqsmRNHYUV/UorXoPz6sep43q,tfarnmr
821,aneavesms@amazon.co.uk,$2a$04$qWWyRyhx8.j8uT7XxRL/VOtNgf6nisSecNCQMzfdqjn/IKu63IofO,dbinnsms
822,hgarrattmt@yandex.ru,$2a$04$0hi9Aj.6gsKGNDPTaQBMH.JfnOOx/ca2x84JPZ1V5AdHk2IGuEgrG,kgirdlestonemt
823,glowniemu@clickbank.net,$2a$04$LRKZyoLlxGq7L5csUEHGcOgASz0ESmBZe5ATUE9LX.uYPjh6khpSa,umaffullimu
824,lsoggeemv@ycombinator.com,$2a$04$EsUYBXd6siY8ZZ6K/CBbBe666iYbslIr4ulodjzKxcrTdX.tu/WgS,chaskettmv
825,tthurstanmw@networkadvertising.org,$2a$04$Zt/M7O6T7tggHSiGQ3Q59uePs7CdSj2178eo66HLG.e0UPEHrRRrO,fguilliattmw
826,lfrankenmx@blinklist.com,$2a$04$pJqKzikxyXE3M4duhFiK1O10oiVfTbKAXST8akFv.CMqNjvTjrBPG,awoollinmx
827,bpellantmy@squarespace.com,$2a$04$wVfIFy1HGdAbfb/hjplk0uLiqLmdtCjesQqK7NSe1TTfXiRW8lUcq,jgormanmy
828,abengefieldmz@people.com.cn,$2a$04$foCqDVZU6zEWHsiMGupllOPWlhLuH/WI2TsCVsNEgE8T/w2FgOAzy,aproudmanmz
829,ihabdenn0@admin.ch,$2a$04$UY/xMh8d2beW0hq0yPdKguxoRQwQW9T4Ex4lgGFj0wEB4P2EzOv0y,wsimmsn0
830,cbrogiottin1@businessinsider.com,$2a$04$hCpYJYjd7a76FcXDUApPJ.1qQ1LMkpPAh79FtC58QV06aK5bAjn2y,cgrimen1
831,sscholeyn2@dailymail.co.uk,$2a$04$iZkNBNo2Wn5GtcEsqzJxCOiDRs1LuhM.DnXu0dxSBnPqU5QDaXVKa,rtreleavenn2
832,rjulianon3@theatlantic.com,$2a$04$1ZrJ7IHp9//3ifgg9UEPA.GCsqDnu2H9fZ9k6S8Ks1uEgZ4wYswDm,cmancen3
833,kcoitn4@google.it,$2a$04$ViWljxiDr0QxmkbUCzI3oORO9veEKV7yzIVgh.DoBEtEIzoM7igIW,hskitchn4
834,ucastann5@wikimedia.org,$2a$04$MopjU97ZFqoyje3RtUTu3.ks6I/..8Q19q2rrL8j738PBy.5as8FG,sdantesian5
835,cildenn6@home.pl,$2a$04$.qXAzOI.q8wstHQ.Uxdnz.kfrC8fSzFTQCuTEHiAvuWEezGERr1CS,nbusbyn6
836,pbouslern7@tripod.com,$2a$04$enQJbl2TuaPc3Pi/F7kcEuCJQPar3KFjQ7ezA3S3Wg296BBsArWpa,cfrankeln7
837,gmorgansn8@engadget.com,$2a$04$8yugcMQGbSs/rKVZjy8PYuKcD/Vvqn8V5PuGaY6mEbY2/M3Fy1SNK,chewkinn8
838,bcrommettn9@reuters.com,$2a$04$k.m6blMbS/uQhAyfkR7MtOS/QW4MZMbQwhURQJa9N3sHbk0aQoU2O,jprobatn9
839,dolivierna@buzzfeed.com,$2a$04$glCA6PPo5H07O5ZziGDmBeBLEpS15kT2yuw0IIoSffSK4hTX1vXEG,eharsnepna
840,ddashkovichnb@paginegialle.it,$2a$04$XhlR7nwO/xV5O5dMCta1vuwBz9BcWdgojyqmGKWs7UUjVd/OrU4Ju,nfowleynb
841,kgoodridgenc@wp.com,$2a$04$FzfmQgGPLt7E7bDIxBBkjOxiBZp9yZNfLG4iyuL7rK/dT6zLxiUp.,eflukesnc
842,agreenhalfnd@ycombinator.com,$2a$04$JoLIL0ub/bOFNAed8r1gjOjG2HlTXmhlEc5Ixt37UulRUVt7X.jVC,lsisslandnd
843,hmatteottine@dailymotion.com,$2a$04$9OH5dlyz31oP1q9CzaQsuunCWQvkfIxprrnPL.pqnDizZcqEVPo/K,asturgessne
844,nwraightnf@nba.com,$2a$04$BjT7ejtP77.VhDBABcbLBO6FWLlWiD9gQjmOdLJlAQHnPJzo6Kdni,shardbattlenf
845,cinchcombng@friendfeed.com,$2a$04$QcaGtNxIT8WaRIQQUijdvuh8Im/dUqYQzbRpkyCt7yRZE7joyK.YK,fhaskinsng
846,vjouanninnh@odnoklassniki.ru,$2a$04$ZD99SgUsqfTZvHvd4y2bkuv373/a/TJgijSaIM/oRcYMAyMEaYS9y,kgriefnh
847,awalasni@theglobeandmail.com,$2a$04$KjQKFhH04q/uo/QRHOQxHOCtHPvJ8Bsrlm4EuPI06GsEgoi7ADJk.,fhassenni
848,lclilverdnj@w3.org,$2a$04$iOhUcXx5dPFaWBPiXS3.ceL0AjLLYWi.QQVcAj2cxG3wEWgfyZKw.,spymmnj
849,osielynk@ted.com,$2a$04$/kQrXeLHrwxspABVpWep5uoyTMtvcHB5i.gMp9EgzE67EanQ0NHZi,kpuddephattnk
850,shounshamnl@myspace.com,$2a$04$C/UZEGEM9TnfECjihpNNaedbNI8sKsAmKoPZNyJZVUE0OVAJ6vWri,rmoratnl
851,gboatnm@google.com.au,$2a$04$kKjBQxMdc45zzXqd/F3rquWHbZ9c4pL5gDaS0d/LuJw41inYll/UG,kcullinannm
852,tmillettnn@ebay.com,$2a$04$m1OEFZoLIqsoQX.YYKnOnOLd2G9JHGH4mjzGEaxH44kse1a9sFr4e,strinernn
853,kdoumerno@businesswire.com,$2a$04$xAz4lPO0MrXV8ma5d/3K5eU0rSMt9JEv2rozdLd.ACVSMiwv0ag72,ebodicamno
854,hskahillnp@scientificamerican.com,$2a$04$hfqU35rtIFpv.sQCY874yOXpAVBzzayF8Gu3P4vJsDB6OSl0Kqt3W,eplaskittnp
855,fespadaternq@ow.ly,$2a$04$kcxy8ofXbUbqc2/jYNPKn.iAN8CinjvFP9Nuuq2EcxoWdSk5o6kfW,mjoreaunq
856,goxtonnr@blog.com,$2a$04$2OR/F2cyQJdbQTkVeoO9eOOFLVTaVyyJlak8iYftIB4dOyVOvFoWO,tthyernr
857,iberanekns@trellian.com,$2a$04$WIe0wAu/gqwfFzMfIz/dSO/KzuVUO5j.eZX9ZaUknMS6oRUTITgFy,bkissellns
858,krattenberient@hud.gov,$2a$04$U5iQTnC2pRcEv1GEIOplw.XR1YJRQWcR7fK2Mh8tqv9j6zTUP213y,slaidlownt
859,tstarsmorenu@photobucket.com,$2a$04$3JaPTxBqKrQjU8ct6JM7FeMuOLS74eWPcJDZA5MOhc1RUGszHnoMa,mlengnu
860,kstendellnv@mail.ru,$2a$04$s8AlrMasAVRVkTUlNKgFSOR2sdC881cY5aWcK.VDcCl0.hi/yZ32e,kmcfadyennv
861,sthrippnw@yelp.com,$2a$04$PEVNDnZBVfUm9H2gDzqJru.rYcn/y6xfokpaeadDcw0CUFl2v5RHm,dwaszczyknw
862,mcollibearnx@nps.gov,$2a$04$.z8LpDwm3HVYdvqvag/s0e9yODjLcY/umtyLcNU9UHB9pTchQnzqO,pscrigmournx
863,sdorkenny@squarespace.com,$2a$04$mpglf/zsVMQ7X6cBLNO0KO0p065gMfq2XUBzyROgoGtG0.iWw3gey,vquadriony
864,ireamesnz@ftc.gov,$2a$04$qu9wNO4qa1SG0FSgnc./JedO1OP4XtY/LseTINXXwq2EdvG0k2NYK,jmusselwhitenz
865,wholstono0@opera.com,$2a$04$srhnuhRmP.qddHzGdHunHOX0VeqnoVp07PPJLgTTarDc2700wcFK.,meastmano0
866,rflanaghano1@webmd.com,$2a$04$vLduEkuCCQfmtKAQctBAP.DcVogF1JImsabDRJl276GBEMf2NUbjy,chadentono1
867,rlucchio2@pagesperso-orange.fr,$2a$04$nHFkZ8ymfB71k4VorFRTIO.y7EU1R0s/nQ7KekZCiZmDLnkUc0vKy,elongwortho2
868,eodyvoyo3@jimdo.com,$2a$04$zWJMvp8T8Hporr1k73iw5ebf85xiMcz87SQQpz8hgtcGcsnU38QPO,mdomeo3
869,acoakero4@webs.com,$2a$04$lCET8EujLw9QKbGvpwbZDOWJOSeYhyUbpeXU8CtIgbTsFE.l8mayq,sdaveyo4
870,mschoaleso5@mlb.com,$2a$04$adV.oKx3yJyZybPNcbow6.C8SMVstewvQbLGg6MsbO7y3gi.G65fy,ccalowo5
871,lpagino6@umn.edu,$2a$04$5TZ2ECSkkdCrGNfbonQtTuakGeDKNMPf4Nxp2K6cOdeGcL25ugYKa,eellistono6
872,mcaudreyo7@wisc.edu,$2a$04$qiXBEOi9MO0Z3LNqc.4FC.LYH0fKTM7rfKO9RhAMA764uOQSYMY9e,mbroadbento7
873,floddeno8@cbsnews.com,$2a$04$3V8nUwk4drf1uX6aqGPEbewm6adRXNBYZ1qX89eRQLXJR61tCUE1u,gcarberto8
874,swilsdono9@qq.com,$2a$04$HlXZE0wk4eQF33rZp1FZ2eynBkXwwSBDUdO2qbmHXo5ya.qIpfaf.,kmoodeyo9
875,kbuchamoa@mac.com,$2a$04$0yp90cBseuPkpva/zBBhg.uQV/VFP2nVe/HGeUgbJVVbc01uHkLty,bcrellinoa
876,fpieperob@buzzfeed.com,$2a$04$N79s4dGjSBsYTVGGkB5oveu.w7J7.CkWECavRPSvAG4iBlameZ246,mmargiottaob
877,ebollinoc@hubpages.com,$2a$04$A.sw5iSzkzxLzlKgp6jxJ.1XsEhE0laHrk/biVyL5xymhEa7s6GSu,eodonohueoc
878,wmullardod@zdnet.com,$2a$04$HX46aHwq0WXiw..1eQ0MeelKoiy9Rl2GjZarwhrm18vwwEVmzyGN.,nbrabbsod
879,rgeorgelinoe@sohu.com,$2a$04$4suHuOS18EvbbS3HXH0nHu4WAFQ4f5mfudLHvSJoXICL36sdC9dPa,cstandelloe
880,rbouttonof@mapy.cz,$2a$04$uEO7WC/exr.JGcYD37kqU.98M0vMqLiiD9n7RTJ1yAQLEgDDIDV6.,mudieof
881,tborwickog@va.gov,$2a$04$/ov.Px6O3Mefwe.FrBrJQuXhQbRePFLxMiNQSE56DUZwNM8IjfMbq,blamblotog
882,kcourtesoh@addthis.com,$2a$04$RbQZJTHx.0jjOKsHd9P5duGAwPLeo/uktyVbwBeHKFl18WerA9ldy,cstollenhofoh
883,sgladmanoi@unblog.fr,$2a$04$rgvxoMk78Eu4MByJSk.6DeIMqv3r8.aVmK2EDN4ykr5gR6EElFAfq,lcrannageoi
884,fbunningoj@prweb.com,$2a$04$QFHCESxKEHfw6G1WND6PBOHnBJq9s7PvfRckyeOkD86PFvI158DSq,hogriffinoj
885,bmardeok@census.gov,$2a$04$N.P/1mVK92JoNkdWknFMIOaeMQlToCno37Gw23NU6poAcOjWZJTj.,shassanok
886,cgartinol@wikipedia.org,$2a$04$YvdW91p1YMqfVdkDBv5zGONbPLrIqQ1/l1vyEayedZWPGhHKGoCDm,ibewsyol
887,bmccarronom@weather.com,$2a$04$Wtx0fOh7Y7FjRPHcFxQyN.LRohX5CkFXoHqlnV0sXRB8QSqnpD2SK,jlamonbyom
888,sstoakleyon@buzzfeed.com,$2a$04$iwpjKm3o1VlkeV2rmM1YZesSh8q9VtFMgy/WKApz7fcOq5d5MeYnm,nskingleon
889,bdundridgeoo@moonfruit.com,$2a$04$Zaj9Poh/D4ePKEl7WxlU2.J1bvsd0SZtxZ9aqUM5WmIyHgs7f9EMK,awilloughwayoo
890,mkingstneop@dot.gov,$2a$04$/8phegKUlnUI/glXjqyr8OlAzaqM4sZziRvNDKRiXXXKNQ/Iz7qqy,ftembridgeop
891,kmineghellioq@behance.net,$2a$04$Z7A1Rh/WT17blkSA5TEQi.o2iVgfOzumd8de6gOPDVitwKWNsGJJu,eimmoq
892,npetrosellior@oaic.gov.au,$2a$04$isyIAWT15agWwukfMjXKT.SBJ3nSCTDk2GOclHX9cfi6fTnRMkVUO,psimoneauor
893,apuveos@tinyurl.com,$2a$04$1i/SXDqnEYEqz.L00r.VX.awnN62QZorFSGOynFSyoztA57seSAN6,fphelipsos
894,jdunlopot@topsy.com,$2a$04$qOPwSGYXEbWazfo4XAsIR.tpSDuqjN2VA8dpc6Kc66TUiK318qoHq,jrichterot
895,iearwakerou@sun.com,$2a$04$Ct1UdwSLZqCNFsXjpLJ.9OS2lwasxi12zelc/Yctz79Y3i.A6cf0i,llarkinsou
896,hharlingov@weebly.com,$2a$04$H9DdvUt4XUn6AJ8Dkfj2JuKAW4y7PH1SO6gK8d1vZklmnhfUg6bNa,mlacrouxov
897,ijiroudekow@clickbank.net,$2a$04$zUviozDonJ1Pl0/u1MY5huR28SA4aREmhHqE0bcuUCtN.m0FrnVEi,ejiranow
898,sbernasekox@nydailynews.com,$2a$04$DcnCT0NMe3grexnVtjF0yekxBg5yDder7DcrPVUP4d.6U5tICMlb6,spiersox
899,mwooderoy@live.com,$2a$04$JyZ241POcQWcDnwdkn1rq.M1qY/ElAoNirvxOnRPOWzXUAiyxB70.,hcuppittoy
900,tgebboz@goo.gl,$2a$04$eih1D/CETLF1ymYbsilyV.NIOFra5zjV6oiSFSqnDaTvyc7RGeRWC,gjadooz
901,jclancyp0@altervista.org,$2a$04$aHywV7KJ1Dsx3vWlDcgAAO/1CXY4WXUzhLgm7VeLTUnBavuXyZd3G,dcaddp0
902,hcurtoysp1@usa.gov,$2a$04$Fm215rsYlyrR3HGK3NZquuu6UhEuxVDTGWyzyIKDOYR.dvHT/D6Fu,livanishinp1
903,thaddowp2@zimbio.com,$2a$04$nHswAomgBlIUqbfkR.irDelP5M6XbxrlMlz6MdkEGhpXHHtqQBtu.,rgodmerp2
904,glewknorp3@oracle.com,$2a$04$KDM7cTOTH3rt0up22Gg6LeT1HsH3y0qJIz2m0ouOmWBF.YD6gV.9m,tcoundleyp3
905,aduellp4@csmonitor.com,$2a$04$UVtI45E5ywWF/N32/0kMSe9AHPLlmdPAcg3LjsZa2NjPnw6sOMlXq,srymillp4
906,wdomleop5@mozilla.com,$2a$04$DgJfWaG.JfWkWa9KPxi/tueHayA1zNrQORgH2zaKrcGaRNXx1Hiy2,kkibblep5
907,mdunseathp6@liveinternet.ru,$2a$04$BPJFcqbwW39I/W1G0d8dcuLcWKhhHJTT.YWCZojJu90TyRMkZLjjm,tashingtonp6
908,amatthensenp7@yahoo.co.jp,$2a$04$.raJME7CnHF/ZOYgGETmM.seRy706ZR2I2nRxOg70OOINQrCvvdGO,jvedeniktovp7
909,bthundermanp8@virginia.edu,$2a$04$cKPbGI8c7Pszj4918d2.WePGMXvJhg4NU3MSn2Y.p33jC2xyv73h2,tbiltonp8
910,atrowlerp9@foxnews.com,$2a$04$tFkS3vKIMQ4eSZDrhcx/BusE6HDgp6tqV/6IlVW3U1lMAx.Cv/.1C,dlayingp9
911,bbonnetpa@netscape.com,$2a$04$sW9nZ.6tBQVYchmLKI0d.eKf4EvmqFxf.i9WdeUjeFqq2J37ytRnu,cbastistinipa
912,cbuyerspb@oaic.gov.au,$2a$04$qQOoY0aWBtuGEBflJKKCrenQv8qM22iKjGSdnlq.OAFXxgQuBihqu,mtearneypb
913,dridoutpc@elegantthemes.com,$2a$04$FkKqHlVv3nRhzDtztCS3UedygDpJJNSMyMlZbUkoIJ4Laq98F6tju,mpullenpc
914,bcussinspd@stumbleupon.com,$2a$04$9yWrHbNGYOBnij44KxP6Vujg57G05Kl8cEsW.STJZfsaVevPWwHU.,cguilfoylepd
915,kbenbrickpe@youku.com,$2a$04$kTx3hj5Eh/LouwfqPPmCouW/07c3nLOt.hOmVt/P3A2S6ziG2RB/q,jhollebonpe
916,mtrussmanpf@usda.gov,$2a$04$ZiaOt5EjWB0yIhGDoabWPukmzsCzX9OCySPuvEARHF3PAPUZu4AqW,sdellentypf
917,ariddlespg@blogs.com,$2a$04$5Y8h53bX5mLPxN7B27AqIOR0hwEa1uhE0OBoO/5wSsTS7.yTum.ry,rhedgerpg
918,xsaladinoph@ifeng.com,$2a$04$KT/hqKrXSyMBE/kxKq2j.ul2i.06HknSXNe11/kxkJY0.aHnNphii,dcatherickph
919,rtotaropi@ocn.ne.jp,$2a$04$lw/vwX7khApxEg500Wnlq.jw3tNGFzGrTOMT6MXvJ8RxbY4THQVS6,hrosbottompi
920,dtomblettpj@netvibes.com,$2a$04$yjfj1MAj17nuIC1us0iwqOsBkdo2hla0lVqhljcBaIAkQbw0jNLrS,jwaldockepj
921,ppanchenpk@bravesites.com,$2a$04$iC93Xi1WaRKt0UKfwblRXu8z3yWOk/lM.TTGeZ3Y1x1Tlg1KlJxJ2,mmorkhampk
922,iberridgepl@exblog.jp,$2a$04$NgeSUCELFsVSJpJxDiVGmuqJIPdG3MxVjW35yMDvGxdzjMYhNrnHG,wandrzejewskipl
923,hshellsheerepm@hubpages.com,$2a$04$79oDBgozF4NYJmnecalMteF16x2/6iXRV5dP9hHJf8O4849I25HBW,gguinnpm
924,bportresspn@cdc.gov,$2a$04$HAIwgOSGSuA9Qt8RAQBLBuijgrse2keiwHCN4Zs.KAyUkOOmdjrWi,mivesonpn
925,mbeaconpo@nature.com,$2a$04$el/d0IUmYP9m444yApW3Mun/gf1tB.4vJx/iZxRbk8SMyR6yvdMf.,vhollingsbeepo
926,jdickensonpp@slashdot.org,$2a$04$Ev/eGsQlYACCi5G5uTAaTujuB.2i8MXV54VOL.sZhW.N3wiJGs5Iu,asenyardpp
927,tsheddpq@woothemes.com,$2a$04$fTrY2RWu./01l.ZFbkWeTe8iednrLVdTyWwF3r5Q46OoGIZ75IQim,swaplepq
928,egoodwellpr@scientificamerican.com,$2a$04$IVXJ4eCcgAiUSSXtrfBEGeC.NIRVEplYytEcbE792A279txPkDNdi,babramowskypr
929,fschlaghps@bigcartel.com,$2a$04$wNbj2.NuYzgzCeNuQQLsW.NaZyw8ylf5Rvmp2NkbOtW6d1YubbsxO,ajaineps
930,aschuttept@joomla.org,$2a$04$XmH6wNE.JrZEwrgfDGVxsOJkKmCTwg0KgS4gTYfisprO4aWHn7l8W,bcabralpt
931,sblacksellpu@t-online.de,$2a$04$sYPvBIMfkAe94VxjNf0oo.hYihHPTO2MEusGezgDoixcptLO839D.,carrighipu
932,nfosberrypv@chronoengine.com,$2a$04$1dUXRhxQ9lR1XqriCoYJVOeb2Dtow.rJ9Im1OHRsvwMwCzQWhhmRy,dhukinspv
933,rbenniepw@army.mil,$2a$04$L.9u3FCGEdqYt2kCTKhSR.jZtQ8Ez/NtxhWEcUFxfxhkofqTj7SzO,mcancellerpw
934,clinnypx@yellowbook.com,$2a$04$BxOBN9zEy8nBTc43YVNRl.NoOdDWy39FJo.5chR3WgDLFdSRDlRn2,wbusselpx
935,obertinpy@amazon.de,$2a$04$Jbf1YlMifHxCJxy.4haht.BXitzAMBMp2TZbH1cOVUwR0er7gmA6O,bschlagmanpy
936,pgoodhandpz@instagram.com,$2a$04$IznqN0hK6DbSqn7tcOuBiuRG3dQhjnPusVsXUpitjf2gibXTZelPq,flehmannpz
937,cwaterhouseq0@livejournal.com,$2a$04$IdoAd6PVurakOJiLdvVRnu18EHU4GmeUv4u7eQTktRb64u686ClH.,psporgeonq0
938,ualcideq1@shop-pro.jp,$2a$04$ah8aZd5R1Bz0os638OsmjeyTFE7UxbHeKVWj2NJWa1yImegaZp8XG,kbredgelandq1
939,fpasslerq2@weather.com,$2a$04$.FKYKl7Hrb.3MCoRf5D4p.J6LSzySn0FQkOxm5XThusBF71yrtnni,icosensq2
940,phelversenq3@phpbb.com,$2a$04$yhM6iZYd9vAka8y4zEV3juOeNgthBs2WAbGozzacoMLXD5FBGyWwi,kvanderbeekq3
941,ibleaseq4@si.edu,$2a$04$W9Ljf..b7K9SRVhHTZBmk.WsMGdG.Z7T7uK1HJbT88P0VxFcIvRJq,aanfossiq4
942,imallaboneq5@usa.gov,$2a$04$dBz5kZ9O6sACUNTEk1QeD.Xn6SqC7mLJk6NsFC.QKf4CfUpDU9iPq,fcarvilq5
943,bkilpatrickq6@examiner.com,$2a$04$y3UTRg3mfEyVOpaE48stEOY2an2sJu3hZp1.e1uSbyBLE8syvmg1G,sgoathropq6
944,gknokq7@typepad.com,$2a$04$srrfFoYdV5lHMMfEJro27u29hOiB1LSpYFxbvYaVGeldDNCCg/.0K,ralwellq7
945,jkennfordq8@feedburner.com,$2a$04$KmcOxeDupBUeSmViitAifeZYsS2hb9L2thdUxAF1frt3iAfQKVe1W,bpartkyaq8
946,bgreatrakesq9@ovh.net,$2a$04$1Zh8ONWOzCpae9jPiArfD.oy5WckxE0/hivp4YNHpP1cRae.PioAK,cbifieldq9
947,pkobschqa@pen.io,$2a$04$NM9bCeHlBtGqxsMm2jJZo..E/8bDjfMnO3j6EoDEl8Zbr1GoKm1Fe,redessqa
948,egoodreadqb@usnews.com,$2a$04$86mCHuQ2DSao.0j2n/IHcuR.1IMxdaIrvc4K55.jXiVH3c.5bgMFm,jcullivanqb
949,rjandourekqc@tmall.com,$2a$04$6cNqOZ/..FLVOXM5JnfG5.2Kizgtriu5Du1WpO7gIaHS4xqjdBpRK,wsellickqc
950,ereiglarqd@wisc.edu,$2a$04$BPOsl5vkP3G64e2V0liRbOkIvhPKlrJtrtgxVadpwUrhmI/sFateC,cnestorqd
951,aellcockqe@spiegel.de,$2a$04$8Np5MKBUM1EDuarzMrIPS.0b8ZyvV2rpuU6ETB2LMh3Np1JY5TzKC,ccordobaqe
952,gedmensonqf@yahoo.com,$2a$04$zXWj73dnGSspHSXMUtro.eJ6VKvxZ2XWBc1oUw0nlNAMiQ9U49c5y,cproutqf
953,dtreverqg@uiuc.edu,$2a$04$0jiPeqWJSCLeGBbTlUuI7Or5Ztfbq6EQqV5vHfKr1hBftxXUw/kWu,mchildeqg
954,vbambrickqh@vkontakte.ru,$2a$04$sVSEV5mfR3.uYZGhrxwbL.bBzgZMcVYRxIAQ0xObBotBUNNzLjkGa,giamittiiqh
955,wstanerqi@edublogs.org,$2a$04$j8AAj/uaN1j1QH4tOxrYFOiaMsuCEMXw956bYM6xC/IqPqr2mvs16,dwaseqi
956,rrimeqj@dyndns.org,$2a$04$c8GBEmnZW2C3najDx8l3o.3sylqPObRbp8QWDwg6tQzlXg3xQHkEK,bcarrackqj
957,sbaudyqk@t-online.de,$2a$04$X3cv//zXXDXzIlm9YYJCfelLAa.HO0i8dv5wzRiLy379BBqRwu1Ua,lverissimoqk
958,aconyardql@craigslist.org,$2a$04$RljJAdGwfBnmZowrLiWZDOJQNcrIdwcdxnzw937uKTptrXmPLzUL.,gcattonnetql
959,lvaleqm@odnoklassniki.ru,$2a$04$38Ke3D.HqksmjsECoxpM7Om1sRv8IYSHpUlxmjSuRiWH9grXbrzpi,estaplesqm
960,cskydallqn@webnode.com,$2a$04$u.oFIrxDK8v3bUGaoUltYuO2DMKdnlZG7aBB7YPC.h71MAScUHESq,ebradneckqn
961,bredholesqo@g.co,$2a$04$h4mr2Rcf27oQ5xdoLVLkAOMxTd0gfA.CJnv0rPrmsUjbCcXDs5/eW,pbaudreyqo
962,pellcockqp@nifty.com,$2a$04$3HmjmHlapSruvDxyYNgju.I0NuimAjEkoP4MhSyB5pdCI7I9smWVq,wvoletqp
963,ndoverqq@prlog.org,$2a$04$dESYi4eyPlhx6cggZGHZU.bCfDQMC/QkE9kM0MxBPX1iEn5OGNqb6,jyakubowiczqq
964,kfriattqr@hubpages.com,$2a$04$z.DXTdg.lL6tlXE4MGpkD.LPvt3JzlQObWxU1YV3LsRpoFh4YPyqu,ncochetqr
965,rbusstqs@amazon.co.uk,$2a$04$x4fb4uihYqh9jl6sobHAZ.Qe839Zg0/83.IYnhRTqu1kvHWJRhbgi,dcomfortqs
966,mbluesqt@t.co,$2a$04$8zLqYKa6iUsSYUOMh82Z7Or3xcIlNd7p41d6GLI6lu9TFG2Nu.NCy,bshinefieldqt
967,chenrysonqu@yelp.com,$2a$04$etG9rrwiWlDw.FmsYIqDdOlRgMpNXNl8iANg.q95de.mAEzwZYAQ.,imcveightyqu
968,sbaffordqv@dagondesign.com,$2a$04$Z0SsHJn0LobktCFGCBU61efquHi52q2qGg3oCbFdAAN4WDfdex5BW,joharneyqv
969,tewbankqw@g.co,$2a$04$XcJKC8dtJxvKeasSgjBhSOgxeU.x4Pb9ZOA4j7YJtVXHrri7gl7em,gcasseyqw
970,sbabberqx@cloudflare.com,$2a$04$O6TuWVv4tEobiratUcaMsOipSThaWUY8VMu.VcaTjQVOl.2JqDELS,maxlebyqx
971,ccosinqy@desdev.cn,$2a$04$f/ScdHRugZlt1olsFhbADeMyxxr2fqrws/Ctuoyg9b.mOOS31AwBa,dhorleyqy
972,bfuscoqz@bbc.co.uk,$2a$04$ope0LTfi8J2ssjck3oNA2ONxVJEHjB1KLAxVR6vGMHKw/FRHeoVge,gdimitrieqz
973,sarchellr0@bluehost.com,$2a$04$ykk8Obp7keEsKU33CGrxhujHsGO978cgamxmIjrNn9Qq19ckJY31G,vcollefordr0
974,mberir1@reference.com,$2a$04$xaOnPxa9/SAanKOwswYQceKIM/WZQ2bUp7n4bQ5eDP5ZNEQuFgXau,ekobker1
975,cwincottr2@prlog.org,$2a$04$B0U76F5AkX0C3GAXM7oSIuBwtHcukdWWJSkm2FNBWvV9x4iZ1EkVC,dofallonr2
976,bsheriffr3@ow.ly,$2a$04$tZW1nwsNHgUXFTkUnd4dUONu8zAjTTxenKf2RDhRs1ArDjy2PqMRO,idixonr3
977,pwakelamr4@pcworld.com,$2a$04$piCOHY4P/042/hh.0d24puf1fVr0pwsDvCQfwJRfVc9In9/mtOcWS,croer4
978,ehumbeyr5@tinyurl.com,$2a$04$CVSkpZW3mkIP5AKG6HBHjOYfpBbJaanOjPe1LRpwTIGHzx6GPsHHi,dbensusanr5
979,vloveridger6@aboutads.info,$2a$04$Sp.yL84TUd.wDa345BQYJuA9T8iiCsCjogr/46eAaNmd1yisOUQ5W,uwoolisr6
980,msmithsr7@cisco.com,$2a$04$Ey/v1epgm2pRf.5UlWpeWuRpno0B1kO9MMKDvHPL0.CNLziYsuGQe,hmcgarveyr7
981,tbutlerbowdonr8@alexa.com,$2a$04$i5eBd7OJGkdg1u/UACs4vuFEYBqgwZsfoxP66wQYMlA5gOb7uIa9S,ibuckwellr8
982,rmcramseyr9@examiner.com,$2a$04$dUFWeAJY2daXaw2/W3GXduKNRnVt333TovWR8IJvJDn2IP7H9adwS,msumnallr9
983,gdovingtonra@posterous.com,$2a$04$0MYsVmMd6xew77Eg2hznDeNzf8lhliKfZfuLXi3SjpUx71bKlTN5.,isarsonra
984,mplowrightrb@t.co,$2a$04$Ua04w1/9J5h.jFz6qwXE9ua9nWX4EsX23e6XFdzI3RSxJ/5a1.WUO,hbalogunrb
985,rluchettirc@epa.gov,$2a$04$RGf0lReB3bKSjbIx3OU6Zu6n8UUxpHnhtEodRWUQjE1K6yX114S0e,psaunderrc
986,jcaudelierrd@people.com.cn,$2a$04$w4qNJwHfL..x8V.B9TFhEu9lNsqLYxoaB630ftdvmalG4Od4C4khy,hklimukrd
987,hpethickre@comcast.net,$2a$04$rX/UTWggZ.APFUjvo258hOMSua.Hsl5RYEttVKamJwsUMhlpqSpfG,jheenanre
988,rnorthwayrf@icq.com,$2a$04$D9CX65CmMakEdheRV5DdyuLbV/U2yGOnJ4xn3L/Qlqs1WqFAQM.Q2,hseckomrf
989,gshrimplinrg@nhs.uk,$2a$04$hOAtLIS3OuBaY55qqC66a.gwOguqZjCP676gzlnZHtBwi3xJ.Bzo.,sprimettrg
990,dcowperh@tmall.com,$2a$04$NEDwOUUAIcKtAGdeWQkL8.Af1hz.8PIQ2ZPLJjSy5ORbEVBcSAPIy,ngoldesrh
991,bdowbakinri@msn.com,$2a$04$KPNmpfnTJ3WJm39kLn/OVe0aqOSakrOV7V/F7xcsZBPPLnATgQ8gm,gwhalebellyri
992,kbeminsterrj@amazon.co.jp,$2a$04$MT3RPx2Ee8lllPaDCvtW9OKPj15lD5OoJffXKpBoD7Yk1kOdic0Zq,gmotterj
993,rgaufordrk@reverbnation.com,$2a$04$EkmWSv/Kj7kBkyJA3Fd.0eamKQGKYRyu2H5Vn8pj090KkcrNyA326,rraithmillrk
994,avaughanhughesrl@etsy.com,$2a$04$rU5I4srPfr.HXHRJoE61/u.Lc5MdLI1OMe06qVnYh5xRYpDiWkhJi,rcudbyrl
995,obottrellrm@dropbox.com,$2a$04$Si99M1ySfLTdQfTgMKp8VOCi4/8Rx7dBYIRtklpabz90lNVy.QWAS,mateggartrm
996,tquiddintonrn@pbs.org,$2a$04$m2OonlP8XCU2S0H7v/GsxuTrDXRIjnvuoNrEx9IypQhv/f0/l/Y/W,gshanksrn
997,bbanyardro@behance.net,$2a$04$YNY/KA637i/CI93fgBvL3efwJwlKOzk8ePOvJmCvgBIxMG0H00EJ.,bgooderero
998,wricciardellirp@va.gov,$2a$04$jTpCYPynZ95C2.jIHMMnyeyBNlGh0U0zTXw11ssMdTXAzMV5PNKSa,mcorradengorp
999,cbasillrq@drupal.org,$2a$04$b/VTDtCQw6Kw7pKdtyhdF.Rxbr3glP5y.3f/jyMURIgH4E8VNW30q,nbramontrq
1000,ddomekrr@google.co.uk,$2a$04$Jb3m8Qxr.Kr2kbnLtXUq4uKhsSkZDCdBStcBzJ0O5txf0hPhyhpVW,mpagerr
